[DEBUG] 05:35:02:524 KernelMemory/(7421:7421): Config resuelta: SCRIPTS_BASEPATH=/home/utnso/plug-n-pray-pruebas/ ALLOCATION_STRATEGY=BEST SEGMENT_MAX_SIZE=256
[INFO] 05:35:02:524 KernelMemory/(7421:7421): Kernel Memory escuchando en puerto 23841
[INFO] 05:35:10:465 KernelMemory/(7421:7659): ## Swap Conectado - FD: 5 - Tamaño: 65536 bytes - Bloque: 256 bytes - Bloques totales: 256
[INFO] 05:37:02:305 KernelMemory/(7421:7781): ## Memory Stick de 256 bytes Conectada
[INFO] 05:37:29:733 KernelMemory/(7421:7929): ## Kernel Scheduler Conectado - FD del socket: 7
[INFO] 05:37:29:733 KernelMemory/(7421:7929): ## PID: 0 - Proceso Creado
[DEBUG] 05:37:29:733 KernelMemory/(7421:7929): PID: 0 - Path de script guardado: /home/utnso/plug-n-pray-pruebas/PCP.prc
[INFO] 05:37:42:550 KernelMemory/(7421:8501): ## CPU Conectada - FD: 8
[INFO] 05:37:43:053 KernelMemory/(7421:8501): ## PID: 0 - Obtener instrucción: 0 - Instrucción: NOOP
[INFO] 05:37:43:554 KernelMemory/(7421:8501): ## PID: 0 - Obtener instrucción: 1 - Instrucción: INIT_PROC PCP_1.prc 3
[INFO] 05:37:43:554 KernelMemory/(7421:7929): ## PID: 1 - Proceso Creado
[DEBUG] 05:37:43:555 KernelMemory/(7421:7929): PID: 1 - Path de script guardado: PCP_1.prc
[INFO] 05:37:44:105 KernelMemory/(7421:8501): ## PID: 0 - Obtener instrucción: 2 - Instrucción: INIT_PROC PCP_1.prc 3
[INFO] 05:37:44:105 KernelMemory/(7421:7929): ## PID: 2 - Proceso Creado
[DEBUG] 05:37:44:105 KernelMemory/(7421:7929): PID: 2 - Path de script guardado: PCP_1.prc
[INFO] 05:37:44:649 KernelMemory/(7421:8501): ## PID: 0 - Obtener instrucción: 3 - Instrucción: INIT_PROC PCP_1.prc 3
[INFO] 05:37:44:649 KernelMemory/(7421:7929): ## PID: 3 - Proceso Creado
[DEBUG] 05:37:44:650 KernelMemory/(7421:7929): PID: 3 - Path de script guardado: PCP_1.prc
[INFO] 05:37:45:196 KernelMemory/(7421:8501): ## PID: 0 - Obtener instrucción: 4 - Instrucción: INIT_PROC PCP_1.prc 3
[INFO] 05:37:45:288 KernelMemory/(7421:7929): ## PID: 4 - Proceso Creado
[DEBUG] 05:37:45:288 KernelMemory/(7421:7929): PID: 4 - Path de script guardado: PCP_1.prc
[INFO] 05:37:45:834 KernelMemory/(7421:8501): ## PID: 0 - Obtener instrucción: 5 - Instrucción: NOOP
[INFO] 05:37:46:335 KernelMemory/(7421:8501): ## PID: 0 - Obtener instrucción: 6 - Instrucción: NOOP
[INFO] 05:37:46:836 KernelMemory/(7421:8501): ## PID: 0 - Obtener instrucción: 7 - Instrucción: INIT_PROC PCP_2.prc 2
[INFO] 05:37:46:879 KernelMemory/(7421:7929): ## PID: 5 - Proceso Creado
[DEBUG] 05:37:46:879 KernelMemory/(7421:7929): PID: 5 - Path de script guardado: PCP_2.prc
[INFO] 05:37:47:397 KernelMemory/(7421:8501): ## PID: 0 - Obtener instrucción: 8 - Instrucción: INIT_PROC PCP_2.prc 2
[INFO] 05:37:47:406 KernelMemory/(7421:7929): ## PID: 6 - Proceso Creado
[DEBUG] 05:37:47:406 KernelMemory/(7421:7929): PID: 6 - Path de script guardado: PCP_2.prc
[INFO] 05:37:47:909 KernelMemory/(7421:8501): ## PID: 0 - Obtener instrucción: 9 - Instrucción: NOOP
[INFO] 05:37:48:413 KernelMemory/(7421:8501): ## PID: 0 - Obtener instrucción: 10 - Instrucción: NOOP
[INFO] 05:37:48:957 KernelMemory/(7421:8501): ## PID: 0 - Obtener instrucción: 11 - Instrucción: INIT_PROC PCP_3.prc 1
[INFO] 05:37:49:045 KernelMemory/(7421:7929): ## PID: 7 - Proceso Creado
[DEBUG] 05:37:49:045 KernelMemory/(7421:7929): PID: 7 - Path de script guardado: PCP_3.prc
[INFO] 05:37:49:600 KernelMemory/(7421:8501): ## PID: 0 - Obtener instrucción: 12 - Instrucción: EXIT
[INFO] 05:37:49:601 KernelMemory/(7421:7929): ## PID: 0 - Proceso finalizado, memoria liberada
[DEBUG] 05:37:49:601 KernelMemory/(7421:8501): PID: 0 - MSG_GUARDAR_CONTEXTO llegó después de que el proceso ya fue finalizado — se ignora
[INFO] 05:37:50:115 KernelMemory/(7421:8501): ## PID: 7 - Obtener instrucción: 0 - Instrucción: NOOP
[INFO] 05:37:50:617 KernelMemory/(7421:8501): ## PID: 7 - Obtener instrucción: 1 - Instrucción: SLEEP 10000
[INFO] 05:37:51:164 KernelMemory/(7421:8501): ## PID: 5 - Obtener instrucción: 0 - Instrucción: NOOP
[INFO] 05:37:51:665 KernelMemory/(7421:8501): ## PID: 5 - Obtener instrucción: 1 - Instrucción: SLEEP 5000
[INFO] 05:37:52:211 KernelMemory/(7421:8501): ## PID: 6 - Obtener instrucción: 0 - Instrucción: NOOP
[INFO] 05:37:52:713 KernelMemory/(7421:8501): ## PID: 6 - Obtener instrucción: 1 - Instrucción: SLEEP 5000
[INFO] 05:37:53:277 KernelMemory/(7421:8501): ## PID: 1 - Obtener instrucción: 0 - Instrucción: NOOP
[INFO] 05:37:53:779 KernelMemory/(7421:8501): ## PID: 1 - Obtener instrucción: 1 - Instrucción: NOOP
[INFO] 05:37:54:288 KernelMemory/(7421:8501): ## PID: 1 - Obtener instrucción: 2 - Instrucción: NOOP
[INFO] 05:37:54:832 KernelMemory/(7421:8501): ## PID: 2 - Obtener instrucción: 0 - Instrucción: NOOP
[INFO] 05:37:55:333 KernelMemory/(7421:8501): ## PID: 2 - Obtener instrucción: 1 - Instrucción: NOOP
[INFO] 05:37:55:839 KernelMemory/(7421:8501): ## PID: 2 - Obtener instrucción: 2 - Instrucción: NOOP
[INFO] 05:37:56:385 KernelMemory/(7421:8501): ## PID: 3 - Obtener instrucción: 0 - Instrucción: NOOP
[INFO] 05:37:56:887 KernelMemory/(7421:8501): ## PID: 3 - Obtener instrucción: 1 - Instrucción: NOOP
[INFO] 05:37:57:389 KernelMemory/(7421:8501): ## PID: 3 - Obtener instrucción: 2 - Instrucción: NOOP
[INFO] 05:37:58:021 KernelMemory/(7421:8501): ## PID: 4 - Obtener instrucción: 0 - Instrucción: NOOP
[INFO] 05:37:58:524 KernelMemory/(7421:8501): ## PID: 4 - Obtener instrucción: 1 - Instrucción: NOOP
[INFO] 05:37:59:027 KernelMemory/(7421:8501): ## PID: 4 - Obtener instrucción: 2 - Instrucción: NOOP
[INFO] 05:37:59:579 KernelMemory/(7421:8501): ## PID: 1 - Obtener instrucción: 3 - Instrucción: NOOP
[INFO] 05:38:00:081 KernelMemory/(7421:8501): ## PID: 1 - Obtener instrucción: 4 - Instrucción: NOOP
[INFO] 05:38:00:588 KernelMemory/(7421:8501): ## PID: 1 - Obtener instrucción: 5 - Instrucción: NOOP
[INFO] 05:38:01:132 KernelMemory/(7421:8501): ## PID: 2 - Obtener instrucción: 3 - Instrucción: NOOP
[INFO] 05:38:01:676 KernelMemory/(7421:8501): ## PID: 7 - Obtener instrucción: 2 - Instrucción: NOOP
[INFO] 05:38:02:177 KernelMemory/(7421:8501): ## PID: 7 - Obtener instrucción: 3 - Instrucción: NOOP
[INFO] 05:38:02:733 KernelMemory/(7421:8501): ## PID: 7 - Obtener instrucción: 4 - Instrucción: SLEEP 1000
[INFO] 05:38:03:235 KernelMemory/(7421:8501): ## PID: 2 - Obtener instrucción: 4 - Instrucción: NOOP
[INFO] 05:38:03:736 KernelMemory/(7421:8501): ## PID: 2 - Obtener instrucción: 5 - Instrucción: NOOP
[INFO] 05:38:04:279 KernelMemory/(7421:8501): ## PID: 2 - Obtener instrucción: 6 - Instrucción: NOOP
[INFO] 05:38:04:785 KernelMemory/(7421:8501): ## PID: 3 - Obtener instrucción: 3 - Instrucción: NOOP
[INFO] 05:38:05:286 KernelMemory/(7421:8501): ## PID: 3 - Obtener instrucción: 4 - Instrucción: NOOP
[INFO] 05:38:05:833 KernelMemory/(7421:8501): ## PID: 3 - Obtener instrucción: 5 - Instrucción: NOOP
[INFO] 05:38:06:392 KernelMemory/(7421:8501): ## PID: 5 - Obtener instrucción: 2 - Instrucción: NOOP
[INFO] 05:38:06:894 KernelMemory/(7421:8501): ## PID: 5 - Obtener instrucción: 3 - Instrucción: NOOP
[INFO] 05:38:07:440 KernelMemory/(7421:8501): ## PID: 5 - Obtener instrucción: 4 - Instrucción: NOOP
[INFO] 05:38:07:942 KernelMemory/(7421:8501): ## PID: 5 - Obtener instrucción: 5 - Instrucción: NOOP
[INFO] 05:38:08:444 KernelMemory/(7421:8501): ## PID: 5 - Obtener instrucción: 6 - Instrucción: NOOP
[INFO] 05:38:08:990 KernelMemory/(7421:8501): ## PID: 5 - Obtener instrucción: 7 - Instrucción: SLEEP 3000
[INFO] 05:38:09:492 KernelMemory/(7421:8501): ## PID: 3 - Obtener instrucción: 6 - Instrucción: NOOP
[INFO] 05:38:09:993 KernelMemory/(7421:8501): ## PID: 3 - Obtener instrucción: 7 - Instrucción: NOOP
[INFO] 05:38:10:537 KernelMemory/(7421:8501): ## PID: 3 - Obtener instrucción: 8 - Instrucción: NOOP
[INFO] 05:38:11:168 KernelMemory/(7421:8501): ## PID: 4 - Obtener instrucción: 3 - Instrucción: NOOP
[INFO] 05:38:11:716 KernelMemory/(7421:8501): ## PID: 6 - Obtener instrucción: 2 - Instrucción: NOOP
[INFO] 05:38:12:217 KernelMemory/(7421:8501): ## PID: 7 - Obtener instrucción: 5 - Instrucción: NOOP
[INFO] 05:38:12:724 KernelMemory/(7421:8501): ## PID: 7 - Obtener instrucción: 6 - Instrucción: NOOP
[INFO] 05:38:13:269 KernelMemory/(7421:8501): ## PID: 7 - Obtener instrucción: 7 - Instrucción: SLEEP 1000
[INFO] 05:38:13:814 KernelMemory/(7421:8501): ## PID: 6 - Obtener instrucción: 3 - Instrucción: NOOP
[INFO] 05:38:14:314 KernelMemory/(7421:8501): ## PID: 6 - Obtener instrucción: 4 - Instrucción: NOOP
[INFO] 05:38:14:860 KernelMemory/(7421:8501): ## PID: 6 - Obtener instrucción: 5 - Instrucción: NOOP
[INFO] 05:38:15:361 KernelMemory/(7421:8501): ## PID: 5 - Obtener instrucción: 8 - Instrucción: NOOP
[INFO] 05:38:15:862 KernelMemory/(7421:8501): ## PID: 5 - Obtener instrucción: 9 - Instrucción: NOOP
[INFO] 05:38:16:403 KernelMemory/(7421:8501): ## PID: 7 - Obtener instrucción: 8 - Instrucción: NOOP
[INFO] 05:38:16:904 KernelMemory/(7421:8501): ## PID: 7 - Obtener instrucción: 9 - Instrucción: NOOP
[INFO] 05:38:17:405 KernelMemory/(7421:8501): ## PID: 7 - Obtener instrucción: 10 - Instrucción: SLEEP 1000
[INFO] 05:38:17:993 KernelMemory/(7421:8501): ## PID: 5 - Obtener instrucción: 10 - Instrucción: NOOP
[INFO] 05:38:18:493 KernelMemory/(7421:8501): ## PID: 5 - Obtener instrucción: 11 - Instrucción: NOOP
[INFO] 05:38:19:084 KernelMemory/(7421:8501): ## PID: 7 - Obtener instrucción: 11 - Instrucción: NOOP
[INFO] 05:38:19:587 KernelMemory/(7421:8501): ## PID: 7 - Obtener instrucción: 12 - Instrucción: NOOP
[INFO] 05:38:20:088 KernelMemory/(7421:8501): ## PID: 7 - Obtener instrucción: 13 - Instrucción: SLEEP 1000
[INFO] 05:38:20:633 KernelMemory/(7421:8501): ## PID: 5 - Obtener instrucción: 12 - Instrucción: NOOP
[INFO] 05:38:21:134 KernelMemory/(7421:8501): ## PID: 5 - Obtener instrucción: 13 - Instrucción: SLEEP 5000
[INFO] 05:38:21:722 KernelMemory/(7421:8501): ## PID: 7 - Obtener instrucción: 14 - Instrucción: NOOP
[INFO] 05:38:22:223 KernelMemory/(7421:8501): ## PID: 7 - Obtener instrucción: 15 - Instrucción: NOOP
[INFO] 05:38:22:724 KernelMemory/(7421:8501): ## PID: 7 - Obtener instrucción: 16 - Instrucción: SLEEP 1000
[INFO] 05:38:23:270 KernelMemory/(7421:8501): ## PID: 6 - Obtener instrucción: 6 - Instrucción: NOOP
[INFO] 05:38:23:772 KernelMemory/(7421:8501): ## PID: 6 - Obtener instrucción: 7 - Instrucción: SLEEP 3000
[INFO] 05:38:24:318 KernelMemory/(7421:8501): ## PID: 4 - Obtener instrucción: 4 - Instrucción: NOOP
[INFO] 05:38:24:822 KernelMemory/(7421:8501): ## PID: 4 - Obtener instrucción: 5 - Instrucción: NOOP
[INFO] 05:38:25:323 KernelMemory/(7421:8501): ## PID: 4 - Obtener instrucción: 6 - Instrucción: NOOP
[DEBUG] 05:38:25:660 KernelMemory/(7421:7929): PID: 7 - suspender_proceso: moviendo 0 segmento(s) a Swap
[INFO] 05:38:25:912 KernelMemory/(7421:8501): ## PID: 1 - Obtener instrucción: 6 - Instrucción: NOOP
[INFO] 05:38:26:413 KernelMemory/(7421:8501): ## PID: 1 - Obtener instrucción: 7 - Instrucción: NOOP
[INFO] 05:38:26:956 KernelMemory/(7421:8501): ## PID: 5 - Obtener instrucción: 14 - Instrucción: NOOP
[DEBUG] 05:38:27:267 KernelMemory/(7421:7929): PID: 7 - dessuspender_proceso: 0 segmento(s) a restaurar desde Swap
[INFO] 05:38:27:459 KernelMemory/(7421:8501): ## PID: 5 - Obtener instrucción: 15 - Instrucción: NOOP
[DEBUG] 05:38:27:781 KernelMemory/(7421:7929): PID: 6 - suspender_proceso: moviendo 0 segmento(s) a Swap
[INFO] 05:38:28:009 KernelMemory/(7421:8501): ## PID: 7 - Obtener instrucción: 17 - Instrucción: NOOP
[INFO] 05:38:28:512 KernelMemory/(7421:8501): ## PID: 7 - Obtener instrucción: 18 - Instrucción: SET PC 0
[INFO] 05:38:29:017 KernelMemory/(7421:8501): ## PID: 7 - Obtener instrucción: 1 - Instrucción: SLEEP 10000
[INFO] 05:38:29:647 KernelMemory/(7421:8501): ## PID: 5 - Obtener instrucción: 16 - Instrucción: NOOP
[INFO] 05:38:30:149 KernelMemory/(7421:8501): ## PID: 5 - Obtener instrucción: 17 - Instrucción: NOOP
[DEBUG] 05:38:30:222 KernelMemory/(7421:7929): PID: 6 - dessuspender_proceso: 0 segmento(s) a restaurar desde Swap
[INFO] 05:38:30:650 KernelMemory/(7421:8501): ## PID: 5 - Obtener instrucción: 18 - Instrucción: NOOP
[INFO] 05:38:31:192 KernelMemory/(7421:8501): ## PID: 6 - Obtener instrucción: 8 - Instrucción: NOOP
[INFO] 05:38:31:693 KernelMemory/(7421:8501): ## PID: 6 - Obtener instrucción: 9 - Instrucción: NOOP
[INFO] 05:38:32:200 KernelMemory/(7421:8501): ## PID: 6 - Obtener instrucción: 10 - Instrucción: NOOP
[INFO] 05:38:32:750 KernelMemory/(7421:8501): ## PID: 5 - Obtener instrucción: 19 - Instrucción: EXIT
[INFO] 05:38:32:843 KernelMemory/(7421:7929): ## PID: 5 - Proceso finalizado, memoria liberada
[INFO] 05:38:33:344 KernelMemory/(7421:8501): ## PID: 6 - Obtener instrucción: 11 - Instrucción: NOOP
[INFO] 05:38:33:846 KernelMemory/(7421:8501): ## PID: 6 - Obtener instrucción: 12 - Instrucción: NOOP
[INFO] 05:38:34:387 KernelMemory/(7421:8501): ## PID: 6 - Obtener instrucción: 13 - Instrucción: SLEEP 5000
[INFO] 05:38:34:889 KernelMemory/(7421:8501): ## PID: 1 - Obtener instrucción: 8 - Instrucción: NOOP
[INFO] 05:38:35:394 KernelMemory/(7421:8501): ## PID: 1 - Obtener instrucción: 9 - Instrucción: NOOP
[INFO] 05:38:35:952 KernelMemory/(7421:8501): ## PID: 1 - Obtener instrucción: 10 - Instrucción: NOOP
[INFO] 05:38:36:454 KernelMemory/(7421:8501): ## PID: 2 - Obtener instrucción: 7 - Instrucción: NOOP
[INFO] 05:38:36:955 KernelMemory/(7421:8501): ## PID: 2 - Obtener instrucción: 8 - Instrucción: NOOP
[INFO] 05:38:37:506 KernelMemory/(7421:8501): ## PID: 2 - Obtener instrucción: 9 - Instrucción: NOOP
[DEBUG] 05:38:37:735 KernelMemory/(7421:7929): PID: 7 - suspender_proceso: moviendo 0 segmento(s) a Swap
[INFO] 05:38:38:078 KernelMemory/(7421:8501): ## PID: 3 - Obtener instrucción: 9 - Instrucción: NOOP
[INFO] 05:38:38:581 KernelMemory/(7421:8501): ## PID: 3 - Obtener instrucción: 10 - Instrucción: NOOP
[INFO] 05:38:39:131 KernelMemory/(7421:8501): ## PID: 3 - Obtener instrucción: 11 - Instrucción: NOOP
[INFO] 05:38:39:720 KernelMemory/(7421:8501): ## PID: 4 - Obtener instrucción: 7 - Instrucción: NOOP
[INFO] 05:38:40:222 KernelMemory/(7421:8501): ## PID: 4 - Obtener instrucción: 8 - Instrucción: NOOP
[DEBUG] 05:38:40:223 KernelMemory/(7421:7929): PID: 7 - dessuspender_proceso: 0 segmento(s) a restaurar desde Swap
[INFO] 05:38:40:771 KernelMemory/(7421:8501): ## PID: 7 - Obtener instrucción: 2 - Instrucción: NOOP
[INFO] 05:38:41:272 KernelMemory/(7421:8501): ## PID: 7 - Obtener instrucción: 3 - Instrucción: NOOP
[INFO] 05:38:41:773 KernelMemory/(7421:8501): ## PID: 7 - Obtener instrucción: 4 - Instrucción: SLEEP 1000
[INFO] 05:38:42:317 KernelMemory/(7421:8501): ## PID: 4 - Obtener instrucción: 9 - Instrucción: NOOP
[INFO] 05:38:42:818 KernelMemory/(7421:8501): ## PID: 4 - Obtener instrucción: 10 - Instrucción: NOOP
[INFO] 05:38:43:320 KernelMemory/(7421:8501): ## PID: 4 - Obtener instrucción: 11 - Instrucción: NOOP
[INFO] 05:38:43:910 KernelMemory/(7421:8501): ## PID: 1 - Obtener instrucción: 11 - Instrucción: NOOP
[INFO] 05:38:44:410 KernelMemory/(7421:8501): ## PID: 1 - Obtener instrucción: 12 - Instrucción: NOOP
[INFO] 05:38:44:913 KernelMemory/(7421:8501): ## PID: 1 - Obtener instrucción: 13 - Instrucción: NOOP
[INFO] 05:38:45:457 KernelMemory/(7421:8501): ## PID: 2 - Obtener instrucción: 10 - Instrucción: NOOP
[INFO] 05:38:46:006 KernelMemory/(7421:8501): ## PID: 6 - Obtener instrucción: 14 - Instrucción: NOOP
[INFO] 05:38:46:508 KernelMemory/(7421:8501): ## PID: 6 - Obtener instrucción: 15 - Instrucción: NOOP
[INFO] 05:38:47:101 KernelMemory/(7421:8501): ## PID: 7 - Obtener instrucción: 5 - Instrucción: NOOP
[INFO] 05:38:47:604 KernelMemory/(7421:8501): ## PID: 7 - Obtener instrucción: 6 - Instrucción: NOOP
[INFO] 05:38:48:106 KernelMemory/(7421:8501): ## PID: 7 - Obtener instrucción: 7 - Instrucción: SLEEP 1000
[DEBUG] 05:38:48:359 KernelMemory/(7421:7929): PID: 7 - suspender_proceso: moviendo 0 segmento(s) a Swap
[INFO] 05:38:48:663 KernelMemory/(7421:8501): ## PID: 6 - Obtener instrucción: 16 - Instrucción: NOOP
[INFO] 05:38:49:164 KernelMemory/(7421:8501): ## PID: 6 - Obtener instrucción: 17 - Instrucción: NOOP
[DEBUG] 05:38:49:164 KernelMemory/(7421:7929): PID: 7 - dessuspender_proceso: 0 segmento(s) a restaurar desde Swap
[INFO] 05:38:49:665 KernelMemory/(7421:8501): ## PID: 6 - Obtener instrucción: 18 - Instrucción: NOOP
[INFO] 05:38:50:208 KernelMemory/(7421:8501): ## PID: 7 - Obtener instrucción: 8 - Instrucción: NOOP
[INFO] 05:38:50:709 KernelMemory/(7421:8501): ## PID: 7 - Obtener instrucción: 9 - Instrucción: NOOP
[INFO] 05:38:51:211 KernelMemory/(7421:8501): ## PID: 7 - Obtener instrucción: 10 - Instrucción: SLEEP 1000
[INFO] 05:38:51:843 KernelMemory/(7421:8501): ## PID: 6 - Obtener instrucción: 19 - Instrucción: EXIT
[INFO] 05:38:51:843 KernelMemory/(7421:7929): ## PID: 6 - Proceso finalizado, memoria liberada
[INFO] 05:38:52:344 KernelMemory/(7421:8501): ## PID: 2 - Obtener instrucción: 11 - Instrucción: NOOP
[INFO] 05:38:52:887 KernelMemory/(7421:8501): ## PID: 7 - Obtener instrucción: 11 - Instrucción: NOOP
[INFO] 05:38:53:388 KernelMemory/(7421:8501): ## PID: 7 - Obtener instrucción: 12 - Instrucción: NOOP
[INFO] 05:38:53:895 KernelMemory/(7421:8501): ## PID: 7 - Obtener instrucción: 13 - Instrucción: SLEEP 1000
[INFO] 05:38:54:506 KernelMemory/(7421:8501): ## PID: 2 - Obtener instrucción: 12 - Instrucción: NOOP
[INFO] 05:38:55:008 KernelMemory/(7421:8501): ## PID: 2 - Obtener instrucción: 13 - Instrucción: NOOP
[INFO] 05:38:55:552 KernelMemory/(7421:8501): ## PID: 7 - Obtener instrucción: 14 - Instrucción: NOOP
[INFO] 05:38:56:053 KernelMemory/(7421:8501): ## PID: 7 - Obtener instrucción: 15 - Instrucción: NOOP
[INFO] 05:38:56:555 KernelMemory/(7421:8501): ## PID: 7 - Obtener instrucción: 16 - Instrucción: SLEEP 1000
[INFO] 05:38:57:102 KernelMemory/(7421:8501): ## PID: 2 - Obtener instrucción: 14 - Instrucción: NOOP
[INFO] 05:38:57:606 KernelMemory/(7421:8501): ## PID: 2 - Obtener instrucción: 15 - Instrucción: NOOP
[INFO] 05:38:58:243 KernelMemory/(7421:8501): ## PID: 7 - Obtener instrucción: 17 - Instrucción: NOOP
[INFO] 05:38:58:744 KernelMemory/(7421:8501): ## PID: 7 - Obtener instrucción: 18 - Instrucción: SET PC 0
[INFO] 05:38:59:245 KernelMemory/(7421:8501): ## PID: 7 - Obtener instrucción: 1 - Instrucción: SLEEP 10000
[INFO] 05:38:59:788 KernelMemory/(7421:8501): ## PID: 2 - Obtener instrucción: 16 - Instrucción: NOOP
[INFO] 05:39:00:289 KernelMemory/(7421:8501): ## PID: 2 - Obtener instrucción: 17 - Instrucción: NOOP
[INFO] 05:39:00:790 KernelMemory/(7421:8501): ## PID: 2 - Obtener instrucción: 18 - Instrucción: SET PC 0
[INFO] 05:39:01:333 KernelMemory/(7421:8501): ## PID: 3 - Obtener instrucción: 12 - Instrucción: NOOP
[INFO] 05:39:01:834 KernelMemory/(7421:8501): ## PID: 3 - Obtener instrucción: 13 - Instrucción: NOOP
[INFO] 05:39:02:335 KernelMemory/(7421:8501): ## PID: 3 - Obtener instrucción: 14 - Instrucción: NOOP
[INFO] 05:39:02:924 KernelMemory/(7421:8501): ## PID: 4 - Obtener instrucción: 12 - Instrucción: NOOP
[INFO] 05:39:03:424 KernelMemory/(7421:8501): ## PID: 4 - Obtener instrucción: 13 - Instrucción: NOOP
[INFO] 05:39:03:925 KernelMemory/(7421:8501): ## PID: 4 - Obtener instrucción: 14 - Instrucción: NOOP
[DEBUG] 05:39:04:151 KernelMemory/(7421:7929): PID: 7 - suspender_proceso: moviendo 0 segmento(s) a Swap
[INFO] 05:39:04:512 KernelMemory/(7421:8501): ## PID: 1 - Obtener instrucción: 14 - Instrucción: NOOP
[INFO] 05:39:05:013 KernelMemory/(7421:8501): ## PID: 1 - Obtener instrucción: 15 - Instrucción: NOOP
[INFO] 05:39:05:520 KernelMemory/(7421:8501): ## PID: 1 - Obtener instrucción: 16 - Instrucción: NOOP
[INFO] 05:39:06:063 KernelMemory/(7421:8501): ## PID: 2 - Obtener instrucción: 1 - Instrucción: NOOP
[INFO] 05:39:06:564 KernelMemory/(7421:8501): ## PID: 2 - Obtener instrucción: 2 - Instrucción: NOOP
[INFO] 05:39:07:064 KernelMemory/(7421:8501): ## PID: 2 - Obtener instrucción: 3 - Instrucción: NOOP
[INFO] 05:39:07:708 KernelMemory/(7421:8501): ## PID: 3 - Obtener instrucción: 15 - Instrucción: NOOP
[INFO] 05:39:08:211 KernelMemory/(7421:8501): ## PID: 3 - Obtener instrucción: 16 - Instrucción: NOOP
[INFO] 05:39:08:711 KernelMemory/(7421:8501): ## PID: 3 - Obtener instrucción: 17 - Instrucción: NOOP
[INFO] 05:39:09:258 KernelMemory/(7421:8501): ## PID: 4 - Obtener instrucción: 15 - Instrucción: NOOP
[DEBUG] 05:39:09:288 KernelMemory/(7421:7929): PID: 7 - dessuspender_proceso: 0 segmento(s) a restaurar desde Swap
[INFO] 05:39:09:760 KernelMemory/(7421:8501): ## PID: 4 - Obtener instrucción: 16 - Instrucción: NOOP
[INFO] 05:39:10:308 KernelMemory/(7421:8501): ## PID: 7 - Obtener instrucción: 2 - Instrucción: NOOP
[INFO] 05:39:10:810 KernelMemory/(7421:8501): ## PID: 7 - Obtener instrucción: 3 - Instrucción: NOOP
[INFO] 05:39:11:311 KernelMemory/(7421:8501): ## PID: 7 - Obtener instrucción: 4 - Instrucción: SLEEP 1000
[INFO] 05:39:11:901 KernelMemory/(7421:8501): ## PID: 4 - Obtener instrucción: 17 - Instrucción: NOOP
[INFO] 05:39:12:402 KernelMemory/(7421:8501): ## PID: 4 - Obtener instrucción: 18 - Instrucción: SET PC 0
[INFO] 05:39:12:951 KernelMemory/(7421:8501): ## PID: 7 - Obtener instrucción: 5 - Instrucción: NOOP
[INFO] 05:39:13:452 KernelMemory/(7421:8501): ## PID: 7 - Obtener instrucción: 6 - Instrucción: NOOP
[INFO] 05:39:13:952 KernelMemory/(7421:8501): ## PID: 7 - Obtener instrucción: 7 - Instrucción: SLEEP 1000
[INFO] 05:39:14:497 KernelMemory/(7421:8501): ## PID: 4 - Obtener instrucción: 1 - Instrucción: NOOP
[INFO] 05:39:14:999 KernelMemory/(7421:8501): ## PID: 4 - Obtener instrucción: 2 - Instrucción: NOOP
[INFO] 05:39:15:596 KernelMemory/(7421:8501): ## PID: 7 - Obtener instrucción: 8 - Instrucción: NOOP
[INFO] 05:39:16:097 KernelMemory/(7421:8501): ## PID: 7 - Obtener instrucción: 9 - Instrucción: NOOP
[INFO] 05:39:16:620 KernelMemory/(7421:8501): ## PID: 7 - Obtener instrucción: 10 - Instrucción: SLEEP 1000
[DEBUG] 05:39:16:816 KernelMemory/(7421:7929): PID: 7 - suspender_proceso: moviendo 0 segmento(s) a Swap
[INFO] 05:39:17:167 KernelMemory/(7421:8501): ## PID: 4 - Obtener instrucción: 3 - Instrucción: NOOP
[INFO] 05:39:17:668 KernelMemory/(7421:8501): ## PID: 4 - Obtener instrucción: 4 - Instrucción: NOOP
[DEBUG] 05:39:17:707 KernelMemory/(7421:7929): PID: 7 - dessuspender_proceso: 0 segmento(s) a restaurar desde Swap
[INFO] 05:39:18:169 KernelMemory/(7421:8501): ## PID: 4 - Obtener instrucción: 5 - Instrucción: NOOP
[INFO] 05:39:18:763 KernelMemory/(7421:8501): ## PID: 7 - Obtener instrucción: 11 - Instrucción: NOOP
[INFO] 05:39:19:264 KernelMemory/(7421:8501): ## PID: 7 - Obtener instrucción: 12 - Instrucción: NOOP
[INFO] 05:39:19:765 KernelMemory/(7421:8501): ## PID: 7 - Obtener instrucción: 13 - Instrucción: SLEEP 1000
[INFO] 05:39:20:356 KernelMemory/(7421:8501): ## PID: 4 - Obtener instrucción: 6 - Instrucción: NOOP
[INFO] 05:39:20:860 KernelMemory/(7421:8501): ## PID: 4 - Obtener instrucción: 7 - Instrucción: NOOP
[INFO] 05:39:21:405 KernelMemory/(7421:8501): ## PID: 7 - Obtener instrucción: 14 - Instrucción: NOOP
[INFO] 05:39:21:907 KernelMemory/(7421:8501): ## PID: 7 - Obtener instrucción: 15 - Instrucción: NOOP
[INFO] 05:39:22:407 KernelMemory/(7421:8501): ## PID: 7 - Obtener instrucción: 16 - Instrucción: SLEEP 1000
[INFO] 05:39:22:952 KernelMemory/(7421:8501): ## PID: 4 - Obtener instrucción: 8 - Instrucción: NOOP
[DEBUG] 05:39:23:167 KernelMemory/(7421:7929): PID: 7 - suspender_proceso: moviendo 0 segmento(s) a Swap
[INFO] 05:39:23:453 KernelMemory/(7421:8501): ## PID: 4 - Obtener instrucción: 9 - Instrucción: NOOP
[DEBUG] 05:39:23:453 KernelMemory/(7421:7929): PID: 7 - dessuspender_proceso: 0 segmento(s) a restaurar desde Swap
[INFO] 05:39:23:953 KernelMemory/(7421:8501): ## PID: 4 - Obtener instrucción: 10 - Instrucción: NOOP
[INFO] 05:39:24:546 KernelMemory/(7421:8501): ## PID: 7 - Obtener instrucción: 17 - Instrucción: NOOP
[INFO] 05:39:25:046 KernelMemory/(7421:8501): ## PID: 7 - Obtener instrucción: 18 - Instrucción: SET PC 0
[INFO] 05:39:25:547 KernelMemory/(7421:8501): ## PID: 7 - Obtener instrucción: 1 - Instrucción: SLEEP 10000
[INFO] 05:39:26:094 KernelMemory/(7421:8501): ## PID: 4 - Obtener instrucción: 11 - Instrucción: NOOP
[DEBUG] 05:39:26:349 KernelMemory/(7421:7929): PID: 7 - suspender_proceso: moviendo 0 segmento(s) a Swap
[INFO] 05:39:26:595 KernelMemory/(7421:8501): ## PID: 4 - Obtener instrucción: 12 - Instrucción: NOOP
[INFO] 05:39:27:096 KernelMemory/(7421:8501): ## PID: 4 - Obtener instrucción: 13 - Instrucción: NOOP
[INFO] 05:39:27:704 KernelMemory/(7421:8501): ## PID: 1 - Obtener instrucción: 17 - Instrucción: NOOP
[INFO] 05:39:28:213 KernelMemory/(7421:8501): ## PID: 1 - Obtener instrucción: 18 - Instrucción: SET PC 0
[INFO] 05:39:28:735 KernelMemory/(7421:8501): ## PID: 1 - Obtener instrucción: 1 - Instrucción: NOOP
[INFO] 05:39:29:326 KernelMemory/(7421:8501): ## PID: 2 - Obtener instrucción: 4 - Instrucción: NOOP
[INFO] 05:39:29:828 KernelMemory/(7421:8501): ## PID: 2 - Obtener instrucción: 5 - Instrucción: NOOP
[INFO] 05:39:30:329 KernelMemory/(7421:8501): ## PID: 2 - Obtener instrucción: 6 - Instrucción: NOOP
[INFO] 05:39:30:892 KernelMemory/(7421:8501): ## PID: 3 - Obtener instrucción: 18 - Instrucción: SET PC 0
[INFO] 05:39:31:393 KernelMemory/(7421:8501): ## PID: 3 - Obtener instrucción: 1 - Instrucción: NOOP
[INFO] 05:39:31:940 KernelMemory/(7421:8501): ## PID: 3 - Obtener instrucción: 2 - Instrucción: NOOP
[INFO] 05:39:32:442 KernelMemory/(7421:8501): ## PID: 4 - Obtener instrucción: 14 - Instrucción: NOOP
[INFO] 05:39:32:943 KernelMemory/(7421:8501): ## PID: 4 - Obtener instrucción: 15 - Instrucción: NOOP
[INFO] 05:39:33:490 KernelMemory/(7421:8501): ## PID: 4 - Obtener instrucción: 16 - Instrucción: NOOP
[INFO] 05:39:34:076 KernelMemory/(7421:8501): ## PID: 1 - Obtener instrucción: 2 - Instrucción: NOOP
[INFO] 05:39:34:584 KernelMemory/(7421:8501): ## PID: 1 - Obtener instrucción: 3 - Instrucción: NOOP
[INFO] 05:39:35:132 KernelMemory/(7421:8501): ## PID: 1 - Obtener instrucción: 4 - Instrucción: NOOP
[DEBUG] 05:39:35:595 KernelMemory/(7421:7929): PID: 7 - dessuspender_proceso: 0 segmento(s) a restaurar desde Swap
[INFO] 05:39:35:636 KernelMemory/(7421:8501): ## PID: 2 - Obtener instrucción: 7 - Instrucción: NOOP
[INFO] 05:39:36:181 KernelMemory/(7421:8501): ## PID: 7 - Obtener instrucción: 2 - Instrucción: NOOP
[INFO] 05:39:36:682 KernelMemory/(7421:8501): ## PID: 7 - Obtener instrucción: 3 - Instrucción: NOOP
[INFO] 05:39:37:183 KernelMemory/(7421:8501): ## PID: 7 - Obtener instrucción: 4 - Instrucción: SLEEP 1000
[INFO] 05:39:37:773 KernelMemory/(7421:8501): ## PID: 2 - Obtener instrucción: 8 - Instrucción: NOOP
[INFO] 05:39:38:274 KernelMemory/(7421:8501): ## PID: 2 - Obtener instrucción: 9 - Instrucción: NOOP
[INFO] 05:39:38:816 KernelMemory/(7421:8501): ## PID: 7 - Obtener instrucción: 5 - Instrucción: NOOP
[INFO] 05:39:39:317 KernelMemory/(7421:8501): ## PID: 7 - Obtener instrucción: 6 - Instrucción: NOOP
[INFO] 05:39:39:820 KernelMemory/(7421:8501): ## PID: 7 - Obtener instrucción: 7 - Instrucción: SLEEP 1000
[INFO] 05:39:40:368 KernelMemory/(7421:8501): ## PID: 2 - Obtener instrucción: 10 - Instrucción: NOOP
[INFO] 05:39:40:869 KernelMemory/(7421:8501): ## PID: 2 - Obtener instrucción: 11 - Instrucción: NOOP
[INFO] 05:39:41:500 KernelMemory/(7421:8501): ## PID: 7 - Obtener instrucción: 8 - Instrucción: NOOP
[INFO] 05:39:42:001 KernelMemory/(7421:8501): ## PID: 7 - Obtener instrucción: 9 - Instrucción: NOOP
[INFO] 05:39:42:503 KernelMemory/(7421:8501): ## PID: 7 - Obtener instrucción: 10 - Instrucción: SLEEP 1000
[INFO] 05:39:43:052 KernelMemory/(7421:8501): ## PID: 2 - Obtener instrucción: 12 - Instrucción: NOOP
[INFO] 05:39:43:554 KernelMemory/(7421:8501): ## PID: 2 - Obtener instrucción: 13 - Instrucción: NOOP
[INFO] 05:39:44:103 KernelMemory/(7421:8501): ## PID: 7 - Obtener instrucción: 11 - Instrucción: NOOP
[INFO] 05:39:44:605 KernelMemory/(7421:8501): ## PID: 7 - Obtener instrucción: 12 - Instrucción: NOOP
[INFO] 05:39:45:105 KernelMemory/(7421:8501): ## PID: 7 - Obtener instrucción: 13 - Instrucción: SLEEP 1000
[INFO] 05:39:45:696 KernelMemory/(7421:8501): ## PID: 2 - Obtener instrucción: 14 - Instrucción: NOOP
[INFO] 05:39:46:197 KernelMemory/(7421:8501): ## PID: 2 - Obtener instrucción: 15 - Instrucción: NOOP
[INFO] 05:39:46:746 KernelMemory/(7421:8501): ## PID: 7 - Obtener instrucción: 14 - Instrucción: NOOP
[INFO] 05:39:47:247 KernelMemory/(7421:8501): ## PID: 7 - Obtener instrucción: 15 - Instrucción: NOOP
[INFO] 05:39:47:748 KernelMemory/(7421:8501): ## PID: 7 - Obtener instrucción: 16 - Instrucción: SLEEP 1000
[INFO] 05:39:48:292 KernelMemory/(7421:8501): ## PID: 2 - Obtener instrucción: 16 - Instrucción: NOOP
[INFO] 05:39:48:808 KernelMemory/(7421:8501): ## PID: 2 - Obtener instrucción: 17 - Instrucción: NOOP
[INFO] 05:39:49:566 KernelMemory/(7421:8501): ## PID: 7 - Obtener instrucción: 17 - Instrucción: NOOP
[INFO] 05:39:50:068 KernelMemory/(7421:8501): ## PID: 7 - Obtener instrucción: 18 - Instrucción: SET PC 0
[INFO] 05:39:50:570 KernelMemory/(7421:8501): ## PID: 7 - Obtener instrucción: 1 - Instrucción: SLEEP 10000
[INFO] 05:39:51:128 KernelMemory/(7421:8501): ## PID: 2 - Obtener instrucción: 18 - Instrucción: SET PC 0
[INFO] 05:39:51:632 KernelMemory/(7421:8501): ## PID: 2 - Obtener instrucción: 1 - Instrucción: NOOP
[DEBUG] 05:39:51:664 KernelMemory/(7421:7929): PID: 7 - suspender_proceso: moviendo 0 segmento(s) a Swap
[INFO] 05:39:52:184 KernelMemory/(7421:8501): ## PID: 2 - Obtener instrucción: 2 - Instrucción: NOOP
[INFO] 05:39:52:832 KernelMemory/(7421:8501): ## PID: 3 - Obtener instrucción: 3 - Instrucción: NOOP
[INFO] 05:39:53:341 KernelMemory/(7421:8501): ## PID: 3 - Obtener instrucción: 4 - Instrucción: NOOP
[INFO] 05:39:53:888 KernelMemory/(7421:8501): ## PID: 3 - Obtener instrucción: 5 - Instrucción: NOOP
[INFO] 05:39:54:476 KernelMemory/(7421:8501): ## PID: 4 - Obtener instrucción: 17 - Instrucción: NOOP
[INFO] 05:39:54:977 KernelMemory/(7421:8501): ## PID: 4 - Obtener instrucción: 18 - Instrucción: SET PC 0
[INFO] 05:39:55:520 KernelMemory/(7421:8501): ## PID: 4 - Obtener instrucción: 1 - Instrucción: NOOP
[INFO] 05:39:56:021 KernelMemory/(7421:8501): ## PID: 1 - Obtener instrucción: 5 - Instrucción: NOOP
[INFO] 05:39:56:522 KernelMemory/(7421:8501): ## PID: 1 - Obtener instrucción: 6 - Instrucción: NOOP
[INFO] 05:39:57:070 KernelMemory/(7421:8501): ## PID: 1 - Obtener instrucción: 7 - Instrucción: NOOP
[INFO] 05:39:57:581 KernelMemory/(7421:8501): ## PID: 2 - Obtener instrucción: 3 - Instrucción: NOOP
[INFO] 05:39:58:082 KernelMemory/(7421:8501): ## PID: 2 - Obtener instrucción: 4 - Instrucción: NOOP
[INFO] 05:39:58:625 KernelMemory/(7421:8501): ## PID: 2 - Obtener instrucción: 5 - Instrucción: NOOP
[INFO] 05:39:59:171 KernelMemory/(7421:8501): ## PID: 3 - Obtener instrucción: 6 - Instrucción: NOOP
[INFO] 05:39:59:678 KernelMemory/(7421:8501): ## PID: 3 - Obtener instrucción: 7 - Instrucción: NOOP
[INFO] 05:40:00:231 KernelMemory/(7421:8501): ## PID: 3 - Obtener instrucción: 8 - Instrucción: NOOP
[DEBUG] 05:40:00:667 KernelMemory/(7421:7929): PID: 7 - dessuspender_proceso: 0 segmento(s) a restaurar desde Swap
[INFO] 05:40:00:733 KernelMemory/(7421:8501): ## PID: 4 - Obtener instrucción: 2 - Instrucción: NOOP
[INFO] 05:40:01:277 KernelMemory/(7421:8501): ## PID: 7 - Obtener instrucción: 2 - Instrucción: NOOP
[INFO] 05:40:01:793 KernelMemory/(7421:8501): ## PID: 7 - Obtener instrucción: 3 - Instrucción: NOOP
[INFO] 05:40:02:298 KernelMemory/(7421:8501): ## PID: 7 - Obtener instrucción: 4 - Instrucción: SLEEP 1000
[INFO] 05:40:02:909 KernelMemory/(7421:8501): ## PID: 4 - Obtener instrucción: 3 - Instrucción: NOOP
[INFO] 05:40:03:410 KernelMemory/(7421:8501): ## PID: 4 - Obtener instrucción: 4 - Instrucción: NOOP
[INFO] 05:40:04:011 KernelMemory/(7421:8501): ## PID: 7 - Obtener instrucción: 5 - Instrucción: NOOP
[INFO] 05:40:04:512 KernelMemory/(7421:8501): ## PID: 7 - Obtener instrucción: 6 - Instrucción: NOOP
[INFO] 05:40:05:014 KernelMemory/(7421:8501): ## PID: 7 - Obtener instrucción: 7 - Instrucción: SLEEP 1000
[INFO] 05:40:05:581 KernelMemory/(7421:8501): ## PID: 4 - Obtener instrucción: 5 - Instrucción: NOOP
[INFO] 05:40:06:082 KernelMemory/(7421:8501): ## PID: 4 - Obtener instrucción: 6 - Instrucción: NOOP
[INFO] 05:40:06:673 KernelMemory/(7421:8501): ## PID: 7 - Obtener instrucción: 8 - Instrucción: NOOP
[INFO] 05:40:07:201 KernelMemory/(7421:8501): ## PID: 7 - Obtener instrucción: 9 - Instrucción: NOOP
[INFO] 05:40:07:702 KernelMemory/(7421:8501): ## PID: 7 - Obtener instrucción: 10 - Instrucción: SLEEP 1000
[INFO] 05:40:08:307 KernelMemory/(7421:8501): ## PID: 4 - Obtener instrucción: 7 - Instrucción: NOOP
[INFO] 05:40:08:808 KernelMemory/(7421:8501): ## PID: 4 - Obtener instrucción: 8 - Instrucción: NOOP
[INFO] 05:40:09:351 KernelMemory/(7421:8501): ## PID: 7 - Obtener instrucción: 11 - Instrucción: NOOP
[INFO] 05:40:09:853 KernelMemory/(7421:8501): ## PID: 7 - Obtener instrucción: 12 - Instrucción: NOOP
[INFO] 05:40:10:355 KernelMemory/(7421:8501): ## PID: 7 - Obtener instrucción: 13 - Instrucción: SLEEP 1000
[INFO] 05:40:10:958 KernelMemory/(7421:8501): ## PID: 4 - Obtener instrucción: 9 - Instrucción: NOOP
[INFO] 05:40:11:459 KernelMemory/(7421:8501): ## PID: 4 - Obtener instrucción: 10 - Instrucción: NOOP
[INFO] 05:40:12:004 KernelMemory/(7421:8501): ## PID: 7 - Obtener instrucción: 14 - Instrucción: NOOP
[INFO] 05:40:12:506 KernelMemory/(7421:8501): ## PID: 7 - Obtener instrucción: 15 - Instrucción: NOOP
[INFO] 05:40:13:012 KernelMemory/(7421:8501): ## PID: 7 - Obtener instrucción: 16 - Instrucción: SLEEP 1000
[INFO] 05:40:13:561 KernelMemory/(7421:8501): ## PID: 4 - Obtener instrucción: 11 - Instrucción: NOOP
[INFO] 05:40:14:066 KernelMemory/(7421:8501): ## PID: 4 - Obtener instrucción: 12 - Instrucción: NOOP
[INFO] 05:40:14:692 KernelMemory/(7421:8501): ## PID: 7 - Obtener instrucción: 17 - Instrucción: NOOP
[INFO] 05:40:15:200 KernelMemory/(7421:8501): ## PID: 7 - Obtener instrucción: 18 - Instrucción: SET PC 0
[INFO] 05:40:15:701 KernelMemory/(7421:8501): ## PID: 7 - Obtener instrucción: 1 - Instrucción: SLEEP 10000
[INFO] 05:40:16:396 KernelMemory/(7421:8501): ## PID: 4 - Obtener instrucción: 13 - Instrucción: NOOP
[INFO] 05:40:16:898 KernelMemory/(7421:8501): ## PID: 4 - Obtener instrucción: 14 - Instrucción: NOOP
[INFO] 05:40:17:407 KernelMemory/(7421:8501): ## PID: 4 - Obtener instrucción: 15 - Instrucción: NOOP
[DEBUG] 05:40:17:550 KernelMemory/(7421:7929): PID: 7 - suspender_proceso: moviendo 0 segmento(s) a Swap
[INFO] 05:40:17:952 KernelMemory/(7421:8501): ## PID: 1 - Obtener instrucción: 8 - Instrucción: NOOP
[INFO] 05:40:18:459 KernelMemory/(7421:8501): ## PID: 1 - Obtener instrucción: 9 - Instrucción: NOOP
[INFO] 05:40:18:960 KernelMemory/(7421:8501): ## PID: 1 - Obtener instrucción: 10 - Instrucción: NOOP
[INFO] 05:40:19:552 KernelMemory/(7421:8501): ## PID: 2 - Obtener instrucción: 6 - Instrucción: NOOP
[INFO] 05:40:20:053 KernelMemory/(7421:8501): ## PID: 2 - Obtener instrucción: 7 - Instrucción: NOOP
[INFO] 05:40:20:554 KernelMemory/(7421:8501): ## PID: 2 - Obtener instrucción: 8 - Instrucción: NOOP
[INFO] 05:40:21:100 KernelMemory/(7421:8501): ## PID: 3 - Obtener instrucción: 9 - Instrucción: NOOP
[INFO] 05:40:21:601 KernelMemory/(7421:8501): ## PID: 3 - Obtener instrucción: 10 - Instrucción: NOOP
[INFO] 05:40:22:103 KernelMemory/(7421:8501): ## PID: 3 - Obtener instrucción: 11 - Instrucción: NOOP
[INFO] 05:40:22:652 KernelMemory/(7421:8501): ## PID: 4 - Obtener instrucción: 16 - Instrucción: NOOP
[INFO] 05:40:23:199 KernelMemory/(7421:8501): ## PID: 4 - Obtener instrucción: 17 - Instrucción: NOOP
[INFO] 05:40:23:709 KernelMemory/(7421:8501): ## PID: 4 - Obtener instrucción: 18 - Instrucción: SET PC 0
[INFO] 05:40:24:321 KernelMemory/(7421:8501): ## PID: 1 - Obtener instrucción: 11 - Instrucción: NOOP
[INFO] 05:40:24:822 KernelMemory/(7421:8501): ## PID: 1 - Obtener instrucción: 12 - Instrucción: NOOP
[INFO] 05:40:25:323 KernelMemory/(7421:8501): ## PID: 1 - Obtener instrucción: 13 - Instrucción: NOOP
[DEBUG] 05:40:25:777 KernelMemory/(7421:7929): PID: 7 - dessuspender_proceso: 0 segmento(s) a restaurar desde Swap
[INFO] 05:40:25:915 KernelMemory/(7421:8501): ## PID: 2 - Obtener instrucción: 9 - Instrucción: NOOP
[INFO] 05:40:26:417 KernelMemory/(7421:8501): ## PID: 7 - Obtener instrucción: 2 - Instrucción: NOOP
[INFO] 05:40:26:922 KernelMemory/(7421:8501): ## PID: 7 - Obtener instrucción: 3 - Instrucción: NOOP
[INFO] 05:40:27:485 KernelMemory/(7421:8501): ## PID: 7 - Obtener instrucción: 4 - Instrucción: SLEEP 1000
[INFO] 05:40:28:031 KernelMemory/(7421:8501): ## PID: 2 - Obtener instrucción: 10 - Instrucción: NOOP
[INFO] 05:40:28:532 KernelMemory/(7421:8501): ## PID: 2 - Obtener instrucción: 11 - Instrucción: NOOP
[INFO] 05:40:29:081 KernelMemory/(7421:8501): ## PID: 7 - Obtener instrucción: 5 - Instrucción: NOOP
[INFO] 05:40:29:582 KernelMemory/(7421:8501): ## PID: 7 - Obtener instrucción: 6 - Instrucción: NOOP
[INFO] 05:40:30:091 KernelMemory/(7421:8501): ## PID: 7 - Obtener instrucción: 7 - Instrucción: SLEEP 1000
[INFO] 05:40:30:636 KernelMemory/(7421:8501): ## PID: 2 - Obtener instrucción: 12 - Instrucción: NOOP
[INFO] 05:40:31:183 KernelMemory/(7421:8501): ## PID: 2 - Obtener instrucción: 13 - Instrucción: NOOP
[INFO] 05:40:31:876 KernelMemory/(7421:8501): ## PID: 7 - Obtener instrucción: 8 - Instrucción: NOOP
[INFO] 05:40:32:378 KernelMemory/(7421:8501): ## PID: 7 - Obtener instrucción: 9 - Instrucción: NOOP
[INFO] 05:40:32:879 KernelMemory/(7421:8501): ## PID: 7 - Obtener instrucción: 10 - Instrucción: SLEEP 1000
[INFO] 05:40:33:438 KernelMemory/(7421:8501): ## PID: 2 - Obtener instrucción: 14 - Instrucción: NOOP
[INFO] 05:40:33:941 KernelMemory/(7421:8501): ## PID: 2 - Obtener instrucción: 15 - Instrucción: NOOP
[INFO] 05:40:34:489 KernelMemory/(7421:8501): ## PID: 7 - Obtener instrucción: 11 - Instrucción: NOOP
[INFO] 05:40:34:991 KernelMemory/(7421:8501): ## PID: 7 - Obtener instrucción: 12 - Instrucción: NOOP
[INFO] 05:40:35:499 KernelMemory/(7421:8501): ## PID: 7 - Obtener instrucción: 13 - Instrucción: SLEEP 1000
[INFO] 05:40:36:158 KernelMemory/(7421:8501): ## PID: 2 - Obtener instrucción: 16 - Instrucción: NOOP
[INFO] 05:40:36:658 KernelMemory/(7421:8501): ## PID: 2 - Obtener instrucción: 17 - Instrucción: NOOP
[INFO] 05:40:37:205 KernelMemory/(7421:8501): ## PID: 7 - Obtener instrucción: 14 - Instrucción: NOOP
[INFO] 05:40:37:706 KernelMemory/(7421:8501): ## PID: 7 - Obtener instrucción: 15 - Instrucción: NOOP
[INFO] 05:40:38:207 KernelMemory/(7421:8501): ## PID: 7 - Obtener instrucción: 16 - Instrucción: SLEEP 1000
[INFO] 05:40:38:762 KernelMemory/(7421:8501): ## PID: 2 - Obtener instrucción: 18 - Instrucción: SET PC 0
[INFO] 05:40:39:264 KernelMemory/(7421:8501): ## PID: 2 - Obtener instrucción: 1 - Instrucción: NOOP
[INFO] 05:40:39:853 KernelMemory/(7421:8501): ## PID: 7 - Obtener instrucción: 17 - Instrucción: NOOP
[INFO] 05:40:40:354 KernelMemory/(7421:8501): ## PID: 7 - Obtener instrucción: 18 - Instrucción: SET PC 0
[INFO] 05:40:40:858 KernelMemory/(7421:8501): ## PID: 7 - Obtener instrucción: 1 - Instrucción: SLEEP 10000
[INFO] 05:40:41:459 KernelMemory/(7421:8501): ## PID: 2 - Obtener instrucción: 2 - Instrucción: NOOP
[INFO] 05:40:41:961 KernelMemory/(7421:8501): ## PID: 2 - Obtener instrucción: 3 - Instrucción: NOOP
[INFO] 05:40:42:469 KernelMemory/(7421:8501): ## PID: 2 - Obtener instrucción: 4 - Instrucción: NOOP
[DEBUG] 05:40:42:814 KernelMemory/(7421:7929): PID: 7 - suspender_proceso: moviendo 0 segmento(s) a Swap
[INFO] 05:40:43:015 KernelMemory/(7421:8501): ## PID: 3 - Obtener instrucción: 12 - Instrucción: NOOP
[INFO] 05:40:43:522 KernelMemory/(7421:8501): ## PID: 3 - Obtener instrucción: 13 - Instrucción: NOOP
[INFO] 05:40:44:045 KernelMemory/(7421:8501): ## PID: 3 - Obtener instrucción: 14 - Instrucción: NOOP
[INFO] 05:40:44:680 KernelMemory/(7421:8501): ## PID: 4 - Obtener instrucción: 1 - Instrucción: NOOP
[INFO] 05:40:45:182 KernelMemory/(7421:8501): ## PID: 4 - Obtener instrucción: 2 - Instrucción: NOOP
[INFO] 05:40:45:738 KernelMemory/(7421:8501): ## PID: 4 - Obtener instrucción: 3 - Instrucción: NOOP
[INFO] 05:40:46:287 KernelMemory/(7421:8501): ## PID: 1 - Obtener instrucción: 14 - Instrucción: NOOP
[INFO] 05:40:46:795 KernelMemory/(7421:8501): ## PID: 1 - Obtener instrucción: 15 - Instrucción: NOOP
[INFO] 05:40:47:297 KernelMemory/(7421:8501): ## PID: 1 - Obtener instrucción: 16 - Instrucción: NOOP
[INFO] 05:40:47:865 KernelMemory/(7421:8501): ## PID: 2 - Obtener instrucción: 5 - Instrucción: NOOP
[INFO] 05:40:48:369 KernelMemory/(7421:8501): ## PID: 2 - Obtener instrucción: 6 - Instrucción: NOOP
[INFO] 05:40:48:869 KernelMemory/(7421:8501): ## PID: 2 - Obtener instrucción: 7 - Instrucción: NOOP
[INFO] 05:40:49:457 KernelMemory/(7421:8501): ## PID: 3 - Obtener instrucción: 15 - Instrucción: NOOP
[INFO] 05:40:49:960 KernelMemory/(7421:8501): ## PID: 3 - Obtener instrucción: 16 - Instrucción: NOOP
[INFO] 05:40:50:476 KernelMemory/(7421:8501): ## PID: 3 - Obtener instrucción: 17 - Instrucción: NOOP
[DEBUG] 05:40:50:913 KernelMemory/(7421:7929): PID: 7 - dessuspender_proceso: 0 segmento(s) a restaurar desde Swap
[INFO] 05:40:51:027 KernelMemory/(7421:8501): ## PID: 4 - Obtener instrucción: 4 - Instrucción: NOOP
[INFO] 05:40:51:532 KernelMemory/(7421:8501): ## PID: 7 - Obtener instrucción: 2 - Instrucción: NOOP
[INFO] 05:40:52:032 KernelMemory/(7421:8501): ## PID: 7 - Obtener instrucción: 3 - Instrucción: NOOP
[INFO] 05:40:52:575 KernelMemory/(7421:8501): ## PID: 7 - Obtener instrucción: 4 - Instrucción: SLEEP 1000
[INFO] 05:40:53:130 KernelMemory/(7421:8501): ## PID: 4 - Obtener instrucción: 5 - Instrucción: NOOP
[INFO] 05:40:53:631 KernelMemory/(7421:8501): ## PID: 4 - Obtener instrucción: 6 - Instrucción: NOOP
[INFO] 05:40:54:177 KernelMemory/(7421:8501): ## PID: 7 - Obtener instrucción: 5 - Instrucción: NOOP
[INFO] 05:40:54:678 KernelMemory/(7421:8501): ## PID: 7 - Obtener instrucción: 6 - Instrucción: NOOP
[INFO] 05:40:55:185 KernelMemory/(7421:8501): ## PID: 7 - Obtener instrucción: 7 - Instrucción: SLEEP 1000
[INFO] 05:40:55:730 KernelMemory/(7421:8501): ## PID: 4 - Obtener instrucción: 7 - Instrucción: NOOP
[INFO] 05:40:56:233 KernelMemory/(7421:8501): ## PID: 4 - Obtener instrucción: 8 - Instrucción: NOOP
[INFO] 05:40:56:863 KernelMemory/(7421:8501): ## PID: 7 - Obtener instrucción: 8 - Instrucción: NOOP
[INFO] 05:40:57:364 KernelMemory/(7421:8501): ## PID: 7 - Obtener instrucción: 9 - Instrucción: NOOP
[INFO] 05:40:57:864 KernelMemory/(7421:8501): ## PID: 7 - Obtener instrucción: 10 - Instrucción: SLEEP 1000
[INFO] 05:40:58:412 KernelMemory/(7421:8501): ## PID: 4 - Obtener instrucción: 9 - Instrucción: NOOP
[INFO] 05:40:58:913 KernelMemory/(7421:8501): ## PID: 4 - Obtener instrucción: 10 - Instrucción: NOOP
[INFO] 05:40:59:544 KernelMemory/(7421:8501): ## PID: 7 - Obtener instrucción: 11 - Instrucción: NOOP
[INFO] 05:41:00:050 KernelMemory/(7421:8501): ## PID: 7 - Obtener instrucción: 12 - Instrucción: NOOP
[INFO] 05:41:00:563 KernelMemory/(7421:8501): ## PID: 7 - Obtener instrucción: 13 - Instrucción: SLEEP 1000
[INFO] 05:41:01:159 KernelMemory/(7421:8501): ## PID: 4 - Obtener instrucción: 11 - Instrucción: NOOP
[INFO] 05:41:01:662 KernelMemory/(7421:8501): ## PID: 4 - Obtener instrucción: 12 - Instrucción: NOOP
[INFO] 05:41:02:210 KernelMemory/(7421:8501): ## PID: 7 - Obtener instrucción: 14 - Instrucción: NOOP
[INFO] 05:41:02:712 KernelMemory/(7421:8501): ## PID: 7 - Obtener instrucción: 15 - Instrucción: NOOP
[INFO] 05:41:03:214 KernelMemory/(7421:8501): ## PID: 7 - Obtener instrucción: 16 - Instrucción: SLEEP 1000
[INFO] 05:41:03:757 KernelMemory/(7421:8501): ## PID: 4 - Obtener instrucción: 13 - Instrucción: NOOP
[INFO] 05:41:04:264 KernelMemory/(7421:8501): ## PID: 4 - Obtener instrucción: 14 - Instrucción: NOOP
[INFO] 05:41:04:765 KernelMemory/(7421:8501): ## PID: 4 - Obtener instrucción: 15 - Instrucción: NOOP
[INFO] 05:41:05:358 KernelMemory/(7421:8501): ## PID: 7 - Obtener instrucción: 17 - Instrucción: NOOP
[INFO] 05:41:05:864 KernelMemory/(7421:8501): ## PID: 7 - Obtener instrucción: 18 - Instrucción: SET PC 0
[INFO] 05:41:06:365 KernelMemory/(7421:8501): ## PID: 7 - Obtener instrucción: 1 - Instrucción: SLEEP 10000
[INFO] 05:41:06:908 KernelMemory/(7421:8501): ## PID: 4 - Obtener instrucción: 16 - Instrucción: NOOP
[INFO] 05:41:07:410 KernelMemory/(7421:8501): ## PID: 4 - Obtener instrucción: 17 - Instrucción: NOOP
[INFO] 05:41:07:912 KernelMemory/(7421:8501): ## PID: 4 - Obtener instrucción: 18 - Instrucción: SET PC 0
[DEBUG] 05:41:07:940 KernelMemory/(7421:7929): PID: 7 - suspender_proceso: moviendo 0 segmento(s) a Swap
[INFO] 05:41:08:467 KernelMemory/(7421:8501): ## PID: 1 - Obtener instrucción: 17 - Instrucción: NOOP
[INFO] 05:41:08:971 KernelMemory/(7421:8501): ## PID: 1 - Obtener instrucción: 18 - Instrucción: SET PC 0
[INFO] 05:41:09:498 KernelMemory/(7421:8501): ## PID: 1 - Obtener instrucción: 1 - Instrucción: NOOP
[INFO] 05:41:10:053 KernelMemory/(7421:8501): ## PID: 1 - Obtener instrucción: 2 - Instrucción: NOOP
[INFO] 05:41:10:641 KernelMemory/(7421:8501): ## PID: 2 - Obtener instrucción: 8 - Instrucción: NOOP
[INFO] 05:41:11:144 KernelMemory/(7421:8501): ## PID: 2 - Obtener instrucción: 9 - Instrucción: NOOP
[INFO] 05:41:11:693 KernelMemory/(7421:8501): ## PID: 2 - Obtener instrucción: 10 - Instrucción: NOOP
[INFO] 05:41:12:203 KernelMemory/(7421:8501): ## PID: 3 - Obtener instrucción: 18 - Instrucción: SET PC 0
[INFO] 05:41:12:719 KernelMemory/(7421:8501): ## PID: 3 - Obtener instrucción: 1 - Instrucción: NOOP
[INFO] 05:41:13:264 KernelMemory/(7421:8501): ## PID: 3 - Obtener instrucción: 2 - Instrucción: NOOP
[INFO] 05:41:13:775 KernelMemory/(7421:8501): ## PID: 4 - Obtener instrucción: 1 - Instrucción: NOOP
[INFO] 05:41:14:276 KernelMemory/(7421:8501): ## PID: 4 - Obtener instrucción: 2 - Instrucción: NOOP
[INFO] 05:41:14:824 KernelMemory/(7421:8501): ## PID: 4 - Obtener instrucción: 3 - Instrucción: NOOP
[INFO] 05:41:15:370 KernelMemory/(7421:8501): ## PID: 1 - Obtener instrucción: 3 - Instrucción: NOOP
[INFO] 05:41:15:872 KernelMemory/(7421:8501): ## PID: 1 - Obtener instrucción: 4 - Instrucción: NOOP
[INFO] 05:41:16:450 KernelMemory/(7421:8501): ## PID: 1 - Obtener instrucción: 5 - Instrucción: NOOP
[DEBUG] 05:41:16:495 KernelMemory/(7421:7929): PID: 7 - dessuspender_proceso: 0 segmento(s) a restaurar desde Swap
[INFO] 05:41:16:953 KernelMemory/(7421:8501): ## PID: 1 - Obtener instrucción: 6 - Instrucción: NOOP
[INFO] 05:41:17:497 KernelMemory/(7421:8501): ## PID: 7 - Obtener instrucción: 2 - Instrucción: NOOP
[INFO] 05:41:17:998 KernelMemory/(7421:8501): ## PID: 7 - Obtener instrucción: 3 - Instrucción: NOOP
[INFO] 05:41:18:499 KernelMemory/(7421:8501): ## PID: 7 - Obtener instrucción: 4 - Instrucción: SLEEP 1000
[INFO] 05:41:19:045 KernelMemory/(7421:8501): ## PID: 1 - Obtener instrucción: 7 - Instrucción: NOOP
[INFO] 05:41:19:545 KernelMemory/(7421:8501): ## PID: 1 - Obtener instrucción: 8 - Instrucción: NOOP
[INFO] 05:41:20:183 KernelMemory/(7421:8501): ## PID: 7 - Obtener instrucción: 5 - Instrucción: NOOP
[INFO] 05:41:20:721 KernelMemory/(7421:8501): ## PID: 7 - Obtener instrucción: 6 - Instrucción: NOOP
[INFO] 05:41:21:290 KernelMemory/(7421:8501): ## PID: 7 - Obtener instrucción: 7 - Instrucción: SLEEP 1000
[INFO] 05:41:21:904 KernelMemory/(7421:8501): ## PID: 1 - Obtener instrucción: 9 - Instrucción: NOOP
[INFO] 05:41:22:408 KernelMemory/(7421:8501): ## PID: 1 - Obtener instrucción: 10 - Instrucción: NOOP
[INFO] 05:41:23:009 KernelMemory/(7421:8501): ## PID: 7 - Obtener instrucción: 8 - Instrucción: NOOP
[INFO] 05:41:23:510 KernelMemory/(7421:8501): ## PID: 7 - Obtener instrucción: 9 - Instrucción: NOOP
[INFO] 05:41:24:012 KernelMemory/(7421:8501): ## PID: 7 - Obtener instrucción: 10 - Instrucción: SLEEP 1000
[INFO] 05:41:24:590 KernelMemory/(7421:8501): ## PID: 1 - Obtener instrucción: 11 - Instrucción: NOOP
[INFO] 05:41:25:094 KernelMemory/(7421:8501): ## PID: 1 - Obtener instrucción: 12 - Instrucción: NOOP
[INFO] 05:41:25:685 KernelMemory/(7421:8501): ## PID: 7 - Obtener instrucción: 11 - Instrucción: NOOP
[INFO] 05:41:26:186 KernelMemory/(7421:8501): ## PID: 7 - Obtener instrucción: 12 - Instrucción: NOOP
[INFO] 05:41:26:689 KernelMemory/(7421:8501): ## PID: 7 - Obtener instrucción: 13 - Instrucción: SLEEP 1000
[INFO] 05:41:27:237 KernelMemory/(7421:8501): ## PID: 1 - Obtener instrucción: 13 - Instrucción: NOOP
[DEBUG] 05:41:27:630 KernelMemory/(7421:7929): PID: 7 - suspender_proceso: moviendo 0 segmento(s) a Swap
[DEBUG] 05:41:27:737 KernelMemory/(7421:7929): PID: 7 - dessuspender_proceso: 0 segmento(s) a restaurar desde Swap
[INFO] 05:41:27:741 KernelMemory/(7421:8501): ## PID: 1 - Obtener instrucción: 14 - Instrucción: NOOP
[INFO] 05:41:28:296 KernelMemory/(7421:8501): ## PID: 7 - Obtener instrucción: 14 - Instrucción: NOOP
[INFO] 05:41:28:797 KernelMemory/(7421:8501): ## PID: 7 - Obtener instrucción: 15 - Instrucción: NOOP
[INFO] 05:41:29:298 KernelMemory/(7421:8501): ## PID: 7 - Obtener instrucción: 16 - Instrucción: SLEEP 1000
[INFO] 05:41:29:943 KernelMemory/(7421:8501): ## PID: 1 - Obtener instrucción: 15 - Instrucción: NOOP
[DEBUG] 05:41:30:272 KernelMemory/(7421:7929): PID: 7 - suspender_proceso: moviendo 0 segmento(s) a Swap
[DEBUG] 05:41:30:404 KernelMemory/(7421:7929): PID: 7 - dessuspender_proceso: 0 segmento(s) a restaurar desde Swap
[INFO] 05:41:30:446 KernelMemory/(7421:8501): ## PID: 1 - Obtener instrucción: 16 - Instrucción: NOOP
[INFO] 05:41:30:991 KernelMemory/(7421:8501): ## PID: 7 - Obtener instrucción: 17 - Instrucción: NOOP
[INFO] 05:41:31:492 KernelMemory/(7421:8501): ## PID: 7 - Obtener instrucción: 18 - Instrucción: SET PC 0
[INFO] 05:41:31:993 KernelMemory/(7421:8501): ## PID: 7 - Obtener instrucción: 1 - Instrucción: SLEEP 10000
[INFO] 05:41:32:536 KernelMemory/(7421:8501): ## PID: 1 - Obtener instrucción: 17 - Instrucción: NOOP
[DEBUG] 05:41:32:909 KernelMemory/(7421:7929): PID: 7 - suspender_proceso: moviendo 0 segmento(s) a Swap
[INFO] 05:41:33:037 KernelMemory/(7421:8501): ## PID: 1 - Obtener instrucción: 18 - Instrucción: SET PC 0
[INFO] 05:41:33:538 KernelMemory/(7421:8501): ## PID: 1 - Obtener instrucción: 1 - Instrucción: NOOP
[INFO] 05:41:34:130 KernelMemory/(7421:8501): ## PID: 2 - Obtener instrucción: 11 - Instrucción: NOOP
[INFO] 05:41:34:631 KernelMemory/(7421:8501): ## PID: 2 - Obtener instrucción: 12 - Instrucción: NOOP
[INFO] 05:41:35:132 KernelMemory/(7421:8501): ## PID: 2 - Obtener instrucción: 13 - Instrucción: NOOP
[INFO] 05:41:35:684 KernelMemory/(7421:8501): ## PID: 3 - Obtener instrucción: 3 - Instrucción: NOOP
[INFO] 05:41:36:185 KernelMemory/(7421:8501): ## PID: 3 - Obtener instrucción: 4 - Instrucción: NOOP
[INFO] 05:41:36:688 KernelMemory/(7421:8501): ## PID: 3 - Obtener instrucción: 5 - Instrucción: NOOP
[INFO] 05:41:37:240 KernelMemory/(7421:8501): ## PID: 4 - Obtener instrucción: 4 - Instrucción: NOOP
[INFO] 05:41:37:749 KernelMemory/(7421:8501): ## PID: 4 - Obtener instrucción: 5 - Instrucción: NOOP
[INFO] 05:41:38:250 KernelMemory/(7421:8501): ## PID: 4 - Obtener instrucción: 6 - Instrucción: NOOP
[INFO] 05:41:38:884 KernelMemory/(7421:8501): ## PID: 1 - Obtener instrucción: 2 - Instrucción: NOOP
[INFO] 05:41:39:386 KernelMemory/(7421:8501): ## PID: 1 - Obtener instrucción: 3 - Instrucción: NOOP
[INFO] 05:41:39:892 KernelMemory/(7421:8501): ## PID: 1 - Obtener instrucción: 4 - Instrucción: NOOP
[INFO] 05:41:40:443 KernelMemory/(7421:8501): ## PID: 2 - Obtener instrucción: 14 - Instrucción: NOOP
[INFO] 05:41:40:946 KernelMemory/(7421:8501): ## PID: 2 - Obtener instrucción: 15 - Instrucción: NOOP
[INFO] 05:41:41:482 KernelMemory/(7421:8501): ## PID: 2 - Obtener instrucción: 16 - Instrucción: NOOP
[DEBUG] 05:41:42:103 KernelMemory/(7421:7929): PID: 7 - dessuspender_proceso: 0 segmento(s) a restaurar desde Swap
[INFO] 05:41:42:222 KernelMemory/(7421:8501): ## PID: 3 - Obtener instrucción: 6 - Instrucción: NOOP
[INFO] 05:41:42:734 KernelMemory/(7421:8501): ## PID: 7 - Obtener instrucción: 2 - Instrucción: NOOP
[INFO] 05:41:43:235 KernelMemory/(7421:8501): ## PID: 7 - Obtener instrucción: 3 - Instrucción: NOOP
[INFO] 05:41:43:789 KernelMemory/(7421:8501): ## PID: 7 - Obtener instrucción: 4 - Instrucción: SLEEP 1000
[INFO] 05:41:44:405 KernelMemory/(7421:8501): ## PID: 3 - Obtener instrucción: 7 - Instrucción: NOOP
[INFO] 05:41:44:913 KernelMemory/(7421:8501): ## PID: 3 - Obtener instrucción: 8 - Instrucción: NOOP
[INFO] 05:41:45:463 KernelMemory/(7421:8501): ## PID: 7 - Obtener instrucción: 5 - Instrucción: NOOP
[INFO] 05:41:45:965 KernelMemory/(7421:8501): ## PID: 7 - Obtener instrucción: 6 - Instrucción: NOOP
[INFO] 05:41:46:470 KernelMemory/(7421:8501): ## PID: 7 - Obtener instrucción: 7 - Instrucción: SLEEP 1000
[INFO] 05:41:47:017 KernelMemory/(7421:8501): ## PID: 3 - Obtener instrucción: 9 - Instrucción: NOOP
[INFO] 05:41:47:523 KernelMemory/(7421:8501): ## PID: 3 - Obtener instrucción: 10 - Instrucción: NOOP
[INFO] 05:41:48:024 KernelMemory/(7421:8501): ## PID: 3 - Obtener instrucción: 11 - Instrucción: NOOP
[INFO] 05:41:48:612 KernelMemory/(7421:8501): ## PID: 7 - Obtener instrucción: 8 - Instrucción: NOOP
[INFO] 05:41:49:113 KernelMemory/(7421:8501): ## PID: 7 - Obtener instrucción: 9 - Instrucción: NOOP
[INFO] 05:41:49:623 KernelMemory/(7421:8501): ## PID: 7 - Obtener instrucción: 10 - Instrucción: SLEEP 1000
[INFO] 05:41:50:173 KernelMemory/(7421:8501): ## PID: 3 - Obtener instrucción: 12 - Instrucción: NOOP
[INFO] 05:41:50:674 KernelMemory/(7421:8501): ## PID: 3 - Obtener instrucción: 13 - Instrucción: NOOP
[INFO] 05:41:51:175 KernelMemory/(7421:8501): ## PID: 3 - Obtener instrucción: 14 - Instrucción: NOOP
[INFO] 05:41:51:721 KernelMemory/(7421:8501): ## PID: 7 - Obtener instrucción: 11 - Instrucción: NOOP
[INFO] 05:41:52:224 KernelMemory/(7421:8501): ## PID: 7 - Obtener instrucción: 12 - Instrucción: NOOP
[INFO] 05:41:52:725 KernelMemory/(7421:8501): ## PID: 7 - Obtener instrucción: 13 - Instrucción: SLEEP 1000
[INFO] 05:41:53:328 KernelMemory/(7421:8501): ## PID: 3 - Obtener instrucción: 15 - Instrucción: NOOP
[DEBUG] 05:41:53:545 KernelMemory/(7421:7929): PID: 7 - suspender_proceso: moviendo 0 segmento(s) a Swap
[DEBUG] 05:41:53:831 KernelMemory/(7421:7929): PID: 7 - dessuspender_proceso: 0 segmento(s) a restaurar desde Swap
[INFO] 05:41:53:834 KernelMemory/(7421:8501): ## PID: 3 - Obtener instrucción: 16 - Instrucción: NOOP
[INFO] 05:41:54:425 KernelMemory/(7421:8501): ## PID: 7 - Obtener instrucción: 14 - Instrucción: NOOP
[INFO] 05:41:54:926 KernelMemory/(7421:8501): ## PID: 7 - Obtener instrucción: 15 - Instrucción: NOOP
[INFO] 05:41:55:431 KernelMemory/(7421:8501): ## PID: 7 - Obtener instrucción: 16 - Instrucción: SLEEP 1000
[INFO] 05:41:55:983 KernelMemory/(7421:8501): ## PID: 3 - Obtener instrucción: 17 - Instrucción: NOOP
[DEBUG] 05:41:56:404 KernelMemory/(7421:7929): PID: 7 - suspender_proceso: moviendo 0 segmento(s) a Swap
[DEBUG] 05:41:56:483 KernelMemory/(7421:7929): PID: 7 - dessuspender_proceso: 0 segmento(s) a restaurar desde Swap
[INFO] 05:41:56:484 KernelMemory/(7421:8501): ## PID: 3 - Obtener instrucción: 18 - Instrucción: SET PC 0
[INFO] 05:41:57:072 KernelMemory/(7421:8501): ## PID: 7 - Obtener instrucción: 17 - Instrucción: NOOP
[INFO] 05:41:57:573 KernelMemory/(7421:8501): ## PID: 7 - Obtener instrucción: 18 - Instrucción: SET PC 0
[INFO] 05:41:58:074 KernelMemory/(7421:8501): ## PID: 7 - Obtener instrucción: 1 - Instrucción: SLEEP 10000
[INFO] 05:41:58:621 KernelMemory/(7421:8501): ## PID: 3 - Obtener instrucción: 1 - Instrucción: NOOP
[DEBUG] 05:41:59:063 KernelMemory/(7421:7929): PID: 7 - suspender_proceso: moviendo 0 segmento(s) a Swap
[INFO] 05:41:59:124 KernelMemory/(7421:8501): ## PID: 3 - Obtener instrucción: 2 - Instrucción: NOOP
[INFO] 05:41:59:626 KernelMemory/(7421:8501): ## PID: 3 - Obtener instrucción: 3 - Instrucción: NOOP
[INFO] 05:42:00:169 KernelMemory/(7421:8501): ## PID: 4 - Obtener instrucción: 7 - Instrucción: NOOP
[INFO] 05:42:00:670 KernelMemory/(7421:8501): ## PID: 4 - Obtener instrucción: 8 - Instrucción: NOOP
[INFO] 05:42:01:172 KernelMemory/(7421:8501): ## PID: 4 - Obtener instrucción: 9 - Instrucción: NOOP
[INFO] 05:42:01:805 KernelMemory/(7421:8501): ## PID: 1 - Obtener instrucción: 5 - Instrucción: NOOP
[INFO] 05:42:02:311 KernelMemory/(7421:8501): ## PID: 1 - Obtener instrucción: 6 - Instrucción: NOOP
[INFO] 05:42:02:812 KernelMemory/(7421:8501): ## PID: 1 - Obtener instrucción: 7 - Instrucción: NOOP
[INFO] 05:42:03:357 KernelMemory/(7421:8501): ## PID: 2 - Obtener instrucción: 17 - Instrucción: NOOP
[INFO] 05:42:03:858 KernelMemory/(7421:8501): ## PID: 2 - Obtener instrucción: 18 - Instrucción: SET PC 0
[INFO] 05:42:04:359 KernelMemory/(7421:8501): ## PID: 2 - Obtener instrucción: 1 - Instrucción: NOOP
[INFO] 05:42:04:903 KernelMemory/(7421:8501): ## PID: 3 - Obtener instrucción: 4 - Instrucción: NOOP
[INFO] 05:42:05:404 KernelMemory/(7421:8501): ## PID: 3 - Obtener instrucción: 5 - Instrucción: NOOP
[INFO] 05:42:05:905 KernelMemory/(7421:8501): ## PID: 3 - Obtener instrucción: 6 - Instrucción: NOOP
[INFO] 05:42:06:493 KernelMemory/(7421:8501): ## PID: 4 - Obtener instrucción: 10 - Instrucción: NOOP
[INFO] 05:42:06:994 KernelMemory/(7421:8501): ## PID: 4 - Obtener instrucción: 11 - Instrucción: NOOP
[INFO] 05:42:07:498 KernelMemory/(7421:8501): ## PID: 4 - Obtener instrucción: 12 - Instrucción: NOOP
[INFO] 05:42:08:047 KernelMemory/(7421:8501): ## PID: 1 - Obtener instrucción: 8 - Instrucción: NOOP
[DEBUG] 05:42:08:163 KernelMemory/(7421:7929): PID: 7 - dessuspender_proceso: 0 segmento(s) a restaurar desde Swap
[INFO] 05:42:08:548 KernelMemory/(7421:8501): ## PID: 1 - Obtener instrucción: 9 - Instrucción: NOOP
[INFO] 05:42:09:094 KernelMemory/(7421:8501): ## PID: 7 - Obtener instrucción: 2 - Instrucción: NOOP
[INFO] 05:42:09:596 KernelMemory/(7421:8501): ## PID: 7 - Obtener instrucción: 3 - Instrucción: NOOP
[INFO] 05:42:10:098 KernelMemory/(7421:8501): ## PID: 7 - Obtener instrucción: 4 - Instrucción: SLEEP 1000
[INFO] 05:42:10:705 KernelMemory/(7421:8501): ## PID: 1 - Obtener instrucción: 10 - Instrucción: NOOP
[INFO] 05:42:11:207 KernelMemory/(7421:8501): ## PID: 1 - Obtener instrucción: 11 - Instrucción: NOOP
[INFO] 05:42:11:755 KernelMemory/(7421:8501): ## PID: 7 - Obtener instrucción: 5 - Instrucción: NOOP
[INFO] 05:42:12:260 KernelMemory/(7421:8501): ## PID: 7 - Obtener instrucción: 6 - Instrucción: NOOP
[INFO] 05:42:12:761 KernelMemory/(7421:8501): ## PID: 7 - Obtener instrucción: 7 - Instrucción: SLEEP 1000
[INFO] 05:42:13:310 KernelMemory/(7421:8501): ## PID: 1 - Obtener instrucción: 12 - Instrucción: NOOP
[INFO] 05:42:13:811 KernelMemory/(7421:8501): ## PID: 1 - Obtener instrucción: 13 - Instrucción: NOOP
[INFO] 05:42:14:502 KernelMemory/(7421:8501): ## PID: 7 - Obtener instrucción: 8 - Instrucción: NOOP
[INFO] 05:42:15:003 KernelMemory/(7421:8501): ## PID: 7 - Obtener instrucción: 9 - Instrucción: NOOP
[INFO] 05:42:15:505 KernelMemory/(7421:8501): ## PID: 7 - Obtener instrucción: 10 - Instrucción: SLEEP 1000
[INFO] 05:42:16:051 KernelMemory/(7421:8501): ## PID: 1 - Obtener instrucción: 14 - Instrucción: NOOP
[INFO] 05:42:16:563 KernelMemory/(7421:8501): ## PID: 1 - Obtener instrucción: 15 - Instrucción: NOOP
[INFO] 05:42:17:067 KernelMemory/(7421:8501): ## PID: 1 - Obtener instrucción: 16 - Instrucción: NOOP
[INFO] 05:42:17:615 KernelMemory/(7421:8501): ## PID: 7 - Obtener instrucción: 11 - Instrucción: NOOP
[INFO] 05:42:18:117 KernelMemory/(7421:8501): ## PID: 7 - Obtener instrucción: 12 - Instrucción: NOOP
[INFO] 05:42:18:619 KernelMemory/(7421:8501): ## PID: 7 - Obtener instrucción: 13 - Instrucción: SLEEP 1000
[DEBUG] 05:42:18:837 KernelMemory/(7421:7929): PID: 7 - suspender_proceso: moviendo 0 segmento(s) a Swap
[INFO] 05:42:19:210 KernelMemory/(7421:8501): ## PID: 1 - Obtener instrucción: 17 - Instrucción: NOOP
[INFO] 05:42:19:753 KernelMemory/(7421:8501): ## PID: 1 - Obtener instrucción: 18 - Instrucción: SET PC 0
[DEBUG] 05:42:19:968 KernelMemory/(7421:7929): PID: 7 - dessuspender_proceso: 0 segmento(s) a restaurar desde Swap
[INFO] 05:42:20:257 KernelMemory/(7421:8501): ## PID: 1 - Obtener instrucción: 1 - Instrucción: NOOP
[INFO] 05:42:20:812 KernelMemory/(7421:8501): ## PID: 7 - Obtener instrucción: 14 - Instrucción: NOOP
[INFO] 05:42:21:314 KernelMemory/(7421:8501): ## PID: 7 - Obtener instrucción: 15 - Instrucción: NOOP
[INFO] 05:42:21:815 KernelMemory/(7421:8501): ## PID: 7 - Obtener instrucción: 16 - Instrucción: SLEEP 1000
[INFO] 05:42:22:363 KernelMemory/(7421:8501): ## PID: 1 - Obtener instrucción: 2 - Instrucción: NOOP
[INFO] 05:42:22:865 KernelMemory/(7421:8501): ## PID: 1 - Obtener instrucción: 3 - Instrucción: NOOP
[INFO] 05:42:23:455 KernelMemory/(7421:8501): ## PID: 7 - Obtener instrucción: 17 - Instrucción: NOOP
[INFO] 05:42:23:958 KernelMemory/(7421:8501): ## PID: 7 - Obtener instrucción: 18 - Instrucción: SET PC 0
[INFO] 05:42:24:459 KernelMemory/(7421:8501): ## PID: 7 - Obtener instrucción: 1 - Instrucción: SLEEP 10000
[DEBUG] 05:42:24:723 KernelMemory/(7421:7929): PID: 7 - suspender_proceso: moviendo 0 segmento(s) a Swap
[INFO] 05:42:25:004 KernelMemory/(7421:8501): ## PID: 1 - Obtener instrucción: 4 - Instrucción: NOOP
[INFO] 05:42:25:505 KernelMemory/(7421:8501): ## PID: 1 - Obtener instrucción: 5 - Instrucción: NOOP
[INFO] 05:42:26:006 KernelMemory/(7421:8501): ## PID: 1 - Obtener instrucción: 6 - Instrucción: NOOP
[INFO] 05:42:26:553 KernelMemory/(7421:8501): ## PID: 2 - Obtener instrucción: 2 - Instrucción: NOOP
[INFO] 05:42:27:055 KernelMemory/(7421:8501): ## PID: 2 - Obtener instrucción: 3 - Instrucción: NOOP
[INFO] 05:42:27:557 KernelMemory/(7421:8501): ## PID: 2 - Obtener instrucción: 4 - Instrucción: NOOP
[INFO] 05:42:28:220 KernelMemory/(7421:8501): ## PID: 3 - Obtener instrucción: 7 - Instrucción: NOOP
[INFO] 05:42:28:726 KernelMemory/(7421:8501): ## PID: 3 - Obtener instrucción: 8 - Instrucción: NOOP
[INFO] 05:42:29:308 KernelMemory/(7421:8501): ## PID: 3 - Obtener instrucción: 9 - Instrucción: NOOP
[INFO] 05:42:29:861 KernelMemory/(7421:8501): ## PID: 4 - Obtener instrucción: 13 - Instrucción: NOOP
[INFO] 05:42:30:365 KernelMemory/(7421:8501): ## PID: 4 - Obtener instrucción: 14 - Instrucción: NOOP
[INFO] 05:42:30:866 KernelMemory/(7421:8501): ## PID: 4 - Obtener instrucción: 15 - Instrucción: NOOP
[INFO] 05:42:31:412 KernelMemory/(7421:8501): ## PID: 1 - Obtener instrucción: 7 - Instrucción: NOOP
[INFO] 05:42:31:916 KernelMemory/(7421:8501): ## PID: 1 - Obtener instrucción: 8 - Instrucción: NOOP
[INFO] 05:42:32:419 KernelMemory/(7421:8501): ## PID: 1 - Obtener instrucción: 9 - Instrucción: NOOP
[INFO] 05:42:33:012 KernelMemory/(7421:8501): ## PID: 2 - Obtener instrucción: 5 - Instrucción: NOOP
[INFO] 05:42:33:513 KernelMemory/(7421:8501): ## PID: 2 - Obtener instrucción: 6 - Instrucción: NOOP
[INFO] 05:42:34:020 KernelMemory/(7421:8501): ## PID: 2 - Obtener instrucción: 7 - Instrucción: NOOP
[DEBUG] 05:42:34:503 KernelMemory/(7421:7929): PID: 7 - dessuspender_proceso: 0 segmento(s) a restaurar desde Swap
[INFO] 05:42:34:564 KernelMemory/(7421:8501): ## PID: 3 - Obtener instrucción: 10 - Instrucción: NOOP
[INFO] 05:42:35:065 KernelMemory/(7421:8501): ## PID: 7 - Obtener instrucción: 2 - Instrucción: NOOP
[INFO] 05:42:35:565 KernelMemory/(7421:8501): ## PID: 7 - Obtener instrucción: 3 - Instrucción: NOOP
[INFO] 05:42:36:115 KernelMemory/(7421:8501): ## PID: 7 - Obtener instrucción: 4 - Instrucción: SLEEP 1000
[INFO] 05:42:36:705 KernelMemory/(7421:8501): ## PID: 3 - Obtener instrucción: 11 - Instrucción: NOOP
[INFO] 05:42:37:207 KernelMemory/(7421:8501): ## PID: 3 - Obtener instrucción: 12 - Instrucción: NOOP
[INFO] 05:42:37:751 KernelMemory/(7421:8501): ## PID: 7 - Obtener instrucción: 5 - Instrucción: NOOP
[INFO] 05:42:38:252 KernelMemory/(7421:8501): ## PID: 7 - Obtener instrucción: 6 - Instrucción: NOOP
[INFO] 05:42:38:753 KernelMemory/(7421:8501): ## PID: 7 - Obtener instrucción: 7 - Instrucción: SLEEP 1000
[INFO] 05:42:39:297 KernelMemory/(7421:8501): ## PID: 3 - Obtener instrucción: 13 - Instrucción: NOOP
[INFO] 05:42:39:798 KernelMemory/(7421:8501): ## PID: 3 - Obtener instrucción: 14 - Instrucción: NOOP
[INFO] 05:42:40:384 KernelMemory/(7421:8501): ## PID: 7 - Obtener instrucción: 8 - Instrucción: NOOP
[INFO] 05:42:40:893 KernelMemory/(7421:8501): ## PID: 7 - Obtener instrucción: 9 - Instrucción: NOOP
[INFO] 05:42:41:394 KernelMemory/(7421:8501): ## PID: 7 - Obtener instrucción: 10 - Instrucción: SLEEP 1000
[INFO] 05:42:42:045 KernelMemory/(7421:8501): ## PID: 3 - Obtener instrucción: 15 - Instrucción: NOOP
[INFO] 05:42:42:546 KernelMemory/(7421:8501): ## PID: 3 - Obtener instrucción: 16 - Instrucción: NOOP
[INFO] 05:42:43:063 KernelMemory/(7421:8501): ## PID: 7 - Obtener instrucción: 11 - Instrucción: NOOP
[INFO] 05:42:43:564 KernelMemory/(7421:8501): ## PID: 7 - Obtener instrucción: 12 - Instrucción: NOOP
[INFO] 05:42:44:111 KernelMemory/(7421:8501): ## PID: 7 - Obtener instrucción: 13 - Instrucción: SLEEP 1000
[INFO] 05:42:44:657 KernelMemory/(7421:8501): ## PID: 3 - Obtener instrucción: 17 - Instrucción: NOOP
[INFO] 05:42:45:164 KernelMemory/(7421:8501): ## PID: 3 - Obtener instrucción: 18 - Instrucción: SET PC 0
[INFO] 05:42:45:711 KernelMemory/(7421:8501): ## PID: 7 - Obtener instrucción: 14 - Instrucción: NOOP
[INFO] 05:42:46:213 KernelMemory/(7421:8501): ## PID: 7 - Obtener instrucción: 15 - Instrucción: NOOP
[INFO] 05:42:46:714 KernelMemory/(7421:8501): ## PID: 7 - Obtener instrucción: 16 - Instrucción: SLEEP 1000
[INFO] 05:42:47:259 KernelMemory/(7421:8501): ## PID: 3 - Obtener instrucción: 1 - Instrucción: NOOP
[INFO] 05:42:47:763 KernelMemory/(7421:8501): ## PID: 3 - Obtener instrucción: 2 - Instrucción: NOOP
[INFO] 05:42:48:272 KernelMemory/(7421:8501): ## PID: 3 - Obtener instrucción: 3 - Instrucción: NOOP
[INFO] 05:42:48:905 KernelMemory/(7421:8501): ## PID: 7 - Obtener instrucción: 17 - Instrucción: NOOP
[INFO] 05:42:49:413 KernelMemory/(7421:8501): ## PID: 7 - Obtener instrucción: 18 - Instrucción: SET PC 0
[INFO] 05:42:49:930 KernelMemory/(7421:8501): ## PID: 7 - Obtener instrucción: 1 - Instrucción: SLEEP 10000
[INFO] 05:42:50:510 KernelMemory/(7421:8501): ## PID: 3 - Obtener instrucción: 4 - Instrucción: NOOP
[DEBUG] 05:42:50:553 KernelMemory/(7421:7929): PID: 7 - suspender_proceso: moviendo 0 segmento(s) a Swap
[INFO] 05:42:51:032 KernelMemory/(7421:8501): ## PID: 3 - Obtener instrucción: 5 - Instrucción: NOOP
[INFO] 05:42:51:533 KernelMemory/(7421:8501): ## PID: 3 - Obtener instrucción: 6 - Instrucción: NOOP
[INFO] 05:42:52:076 KernelMemory/(7421:8501): ## PID: 4 - Obtener instrucción: 16 - Instrucción: NOOP
[INFO] 05:42:52:578 KernelMemory/(7421:8501): ## PID: 4 - Obtener instrucción: 17 - Instrucción: NOOP
[INFO] 05:42:53:079 KernelMemory/(7421:8501): ## PID: 4 - Obtener instrucción: 18 - Instrucción: SET PC 0
[INFO] 05:42:53:703 KernelMemory/(7421:8501): ## PID: 1 - Obtener instrucción: 10 - Instrucción: NOOP
[INFO] 05:42:54:204 KernelMemory/(7421:8501): ## PID: 1 - Obtener instrucción: 11 - Instrucción: NOOP
[INFO] 05:42:54:709 KernelMemory/(7421:8501): ## PID: 1 - Obtener instrucción: 12 - Instrucción: NOOP
[INFO] 05:42:55:266 KernelMemory/(7421:8501): ## PID: 2 - Obtener instrucción: 8 - Instrucción: NOOP
[INFO] 05:42:55:791 KernelMemory/(7421:8501): ## PID: 2 - Obtener instrucción: 9 - Instrucción: NOOP
[INFO] 05:42:56:296 KernelMemory/(7421:8501): ## PID: 2 - Obtener instrucción: 10 - Instrucción: NOOP
[INFO] 05:42:56:871 KernelMemory/(7421:8501): ## PID: 3 - Obtener instrucción: 7 - Instrucción: NOOP
[INFO] 05:42:57:378 KernelMemory/(7421:8501): ## PID: 3 - Obtener instrucción: 8 - Instrucción: NOOP
[INFO] 05:42:57:933 KernelMemory/(7421:8501): ## PID: 3 - Obtener instrucción: 9 - Instrucción: NOOP
[INFO] 05:42:58:528 KernelMemory/(7421:8501): ## PID: 4 - Obtener instrucción: 1 - Instrucción: NOOP
[INFO] 05:42:59:030 KernelMemory/(7421:8501): ## PID: 4 - Obtener instrucción: 2 - Instrucción: NOOP
[INFO] 05:42:59:587 KernelMemory/(7421:8501): ## PID: 4 - Obtener instrucción: 3 - Instrucción: NOOP
[DEBUG] 05:43:00:024 KernelMemory/(7421:7929): PID: 7 - dessuspender_proceso: 0 segmento(s) a restaurar desde Swap
[INFO] 05:43:00:120 KernelMemory/(7421:8501): ## PID: 1 - Obtener instrucción: 13 - Instrucción: NOOP
[INFO] 05:43:00:664 KernelMemory/(7421:8501): ## PID: 7 - Obtener instrucción: 2 - Instrucción: NOOP
[INFO] 05:43:01:167 KernelMemory/(7421:8501): ## PID: 7 - Obtener instrucción: 3 - Instrucción: NOOP
[INFO] 05:43:01:669 KernelMemory/(7421:8501): ## PID: 7 - Obtener instrucción: 4 - Instrucción: SLEEP 1000
[INFO] 05:43:02:260 KernelMemory/(7421:8501): ## PID: 1 - Obtener instrucción: 14 - Instrucción: NOOP
[INFO] 05:43:02:763 KernelMemory/(7421:8501): ## PID: 1 - Obtener instrucción: 15 - Instrucción: NOOP
[INFO] 05:43:03:264 KernelMemory/(7421:8501): ## PID: 1 - Obtener instrucción: 16 - Instrucción: NOOP
[INFO] 05:43:03:812 KernelMemory/(7421:8501): ## PID: 7 - Obtener instrucción: 5 - Instrucción: NOOP
[INFO] 05:43:04:313 KernelMemory/(7421:8501): ## PID: 7 - Obtener instrucción: 6 - Instrucción: NOOP
[INFO] 05:43:04:815 KernelMemory/(7421:8501): ## PID: 7 - Obtener instrucción: 7 - Instrucción: SLEEP 1000
[INFO] 05:43:05:368 KernelMemory/(7421:8501): ## PID: 1 - Obtener instrucción: 17 - Instrucción: NOOP
[INFO] 05:43:05:869 KernelMemory/(7421:8501): ## PID: 1 - Obtener instrucción: 18 - Instrucción: SET PC 0
[INFO] 05:43:06:370 KernelMemory/(7421:8501): ## PID: 1 - Obtener instrucción: 1 - Instrucción: NOOP
[INFO] 05:43:07:019 KernelMemory/(7421:8501): ## PID: 7 - Obtener instrucción: 8 - Instrucción: NOOP
[INFO] 05:43:07:522 KernelMemory/(7421:8501): ## PID: 7 - Obtener instrucción: 9 - Instrucción: NOOP
[INFO] 05:43:08:043 KernelMemory/(7421:8501): ## PID: 7 - Obtener instrucción: 10 - Instrucción: SLEEP 1000
[INFO] 05:43:08:597 KernelMemory/(7421:8501): ## PID: 1 - Obtener instrucción: 2 - Instrucción: NOOP
[INFO] 05:43:09:099 KernelMemory/(7421:8501): ## PID: 1 - Obtener instrucción: 3 - Instrucción: NOOP
[INFO] 05:43:09:650 KernelMemory/(7421:8501): ## PID: 7 - Obtener instrucción: 11 - Instrucción: NOOP
[INFO] 05:43:10:151 KernelMemory/(7421:8501): ## PID: 7 - Obtener instrucción: 12 - Instrucción: NOOP
[INFO] 05:43:10:657 KernelMemory/(7421:8501): ## PID: 7 - Obtener instrucción: 13 - Instrucción: SLEEP 1000
[DEBUG] 05:43:11:220 KernelMemory/(7421:7929): PID: 7 - suspender_proceso: moviendo 0 segmento(s) a Swap
[INFO] 05:43:11:253 KernelMemory/(7421:8501): ## PID: 1 - Obtener instrucción: 4 - Instrucción: NOOP
[INFO] 05:43:11:767 KernelMemory/(7421:8501): ## PID: 1 - Obtener instrucción: 5 - Instrucción: NOOP
[DEBUG] 05:43:11:769 KernelMemory/(7421:7929): PID: 7 - dessuspender_proceso: 0 segmento(s) a restaurar desde Swap
[INFO] 05:43:12:287 KernelMemory/(7421:8501): ## PID: 1 - Obtener instrucción: 6 - Instrucción: NOOP
[INFO] 05:43:13:035 KernelMemory/(7421:8501): ## PID: 7 - Obtener instrucción: 14 - Instrucción: NOOP
[INFO] 05:43:13:537 KernelMemory/(7421:8501): ## PID: 7 - Obtener instrucción: 15 - Instrucción: NOOP
[INFO] 05:43:14:049 KernelMemory/(7421:8501): ## PID: 7 - Obtener instrucción: 16 - Instrucción: SLEEP 1000
[INFO] 05:43:14:622 KernelMemory/(7421:8501): ## PID: 1 - Obtener instrucción: 7 - Instrucción: NOOP
[INFO] 05:43:15:124 KernelMemory/(7421:8501): ## PID: 1 - Obtener instrucción: 8 - Instrucción: NOOP
[INFO] 05:43:15:757 KernelMemory/(7421:8501): ## PID: 7 - Obtener instrucción: 17 - Instrucción: NOOP
[INFO] 05:43:16:267 KernelMemory/(7421:8501): ## PID: 7 - Obtener instrucción: 18 - Instrucción: SET PC 0
[INFO] 05:43:16:797 KernelMemory/(7421:8501): ## PID: 7 - Obtener instrucción: 1 - Instrucción: SLEEP 10000
[INFO] 05:43:17:351 KernelMemory/(7421:8501): ## PID: 1 - Obtener instrucción: 9 - Instrucción: NOOP
[INFO] 05:43:17:853 KernelMemory/(7421:8501): ## PID: 1 - Obtener instrucción: 10 - Instrucción: NOOP
[INFO] 05:43:18:354 KernelMemory/(7421:8501): ## PID: 1 - Obtener instrucción: 11 - Instrucción: NOOP
[INFO] 05:43:18:901 KernelMemory/(7421:8501): ## PID: 2 - Obtener instrucción: 11 - Instrucción: NOOP
[DEBUG] 05:43:19:208 KernelMemory/(7421:7929): PID: 7 - suspender_proceso: moviendo 0 segmento(s) a Swap
[INFO] 05:43:19:403 KernelMemory/(7421:8501): ## PID: 2 - Obtener instrucción: 12 - Instrucción: NOOP
[INFO] 05:43:19:913 KernelMemory/(7421:8501): ## PID: 2 - Obtener instrucción: 13 - Instrucción: NOOP
[INFO] 05:43:20:502 KernelMemory/(7421:8501): ## PID: 3 - Obtener instrucción: 10 - Instrucción: NOOP
[INFO] 05:43:21:003 KernelMemory/(7421:8501): ## PID: 3 - Obtener instrucción: 11 - Instrucción: NOOP
[INFO] 05:43:21:505 KernelMemory/(7421:8501): ## PID: 3 - Obtener instrucción: 12 - Instrucción: NOOP
[INFO] 05:43:22:055 KernelMemory/(7421:8501): ## PID: 4 - Obtener instrucción: 4 - Instrucción: NOOP
[INFO] 05:43:22:580 KernelMemory/(7421:8501): ## PID: 4 - Obtener instrucción: 5 - Instrucción: NOOP
[INFO] 05:43:23:081 KernelMemory/(7421:8501): ## PID: 4 - Obtener instrucción: 6 - Instrucción: NOOP
[INFO] 05:43:23:624 KernelMemory/(7421:8501): ## PID: 1 - Obtener instrucción: 12 - Instrucción: NOOP
[INFO] 05:43:24:125 KernelMemory/(7421:8501): ## PID: 1 - Obtener instrucción: 13 - Instrucción: NOOP
[INFO] 05:43:24:627 KernelMemory/(7421:8501): ## PID: 1 - Obtener instrucción: 14 - Instrucción: NOOP
[INFO] 05:43:25:265 KernelMemory/(7421:8501): ## PID: 2 - Obtener instrucción: 14 - Instrucción: NOOP
[INFO] 05:43:25:771 KernelMemory/(7421:8501): ## PID: 2 - Obtener instrucción: 15 - Instrucción: NOOP
[INFO] 05:43:26:273 KernelMemory/(7421:8501): ## PID: 2 - Obtener instrucción: 16 - Instrucción: NOOP
[INFO] 05:43:26:832 KernelMemory/(7421:8501): ## PID: 3 - Obtener instrucción: 13 - Instrucción: NOOP
[DEBUG] 05:43:26:865 KernelMemory/(7421:7929): PID: 7 - dessuspender_proceso: 0 segmento(s) a restaurar desde Swap
[INFO] 05:43:27:339 KernelMemory/(7421:8501): ## PID: 3 - Obtener instrucción: 14 - Instrucción: NOOP
[INFO] 05:43:27:884 KernelMemory/(7421:8501): ## PID: 7 - Obtener instrucción: 2 - Instrucción: NOOP
[INFO] 05:43:28:391 KernelMemory/(7421:8501): ## PID: 7 - Obtener instrucción: 3 - Instrucción: NOOP
[INFO] 05:43:28:904 KernelMemory/(7421:8501): ## PID: 7 - Obtener instrucción: 4 - Instrucción: SLEEP 1000
[INFO] 05:43:29:505 KernelMemory/(7421:8501): ## PID: 3 - Obtener instrucción: 15 - Instrucción: NOOP
[INFO] 05:43:30:007 KernelMemory/(7421:8501): ## PID: 3 - Obtener instrucción: 16 - Instrucción: NOOP
[INFO] 05:43:30:570 KernelMemory/(7421:8501): ## PID: 7 - Obtener instrucción: 5 - Instrucción: NOOP
[INFO] 05:43:31:071 KernelMemory/(7421:8501): ## PID: 7 - Obtener instrucción: 6 - Instrucción: NOOP
[INFO] 05:43:31:572 KernelMemory/(7421:8501): ## PID: 7 - Obtener instrucción: 7 - Instrucción: SLEEP 1000
[INFO] 05:43:32:189 KernelMemory/(7421:8501): ## PID: 3 - Obtener instrucción: 17 - Instrucción: NOOP
[INFO] 05:43:32:691 KernelMemory/(7421:8501): ## PID: 3 - Obtener instrucción: 18 - Instrucción: SET PC 0
[INFO] 05:43:33:286 KernelMemory/(7421:8501): ## PID: 7 - Obtener instrucción: 8 - Instrucción: NOOP
[INFO] 05:43:33:794 KernelMemory/(7421:8501): ## PID: 7 - Obtener instrucción: 9 - Instrucción: NOOP
[INFO] 05:43:34:294 KernelMemory/(7421:8501): ## PID: 7 - Obtener instrucción: 10 - Instrucción: SLEEP 1000
[INFO] 05:43:34:885 KernelMemory/(7421:8501): ## PID: 3 - Obtener instrucción: 1 - Instrucción: NOOP
[INFO] 05:43:35:395 KernelMemory/(7421:8501): ## PID: 3 - Obtener instrucción: 2 - Instrucción: NOOP
[INFO] 05:43:35:943 KernelMemory/(7421:8501): ## PID: 7 - Obtener instrucción: 11 - Instrucción: NOOP
[INFO] 05:43:36:449 KernelMemory/(7421:8501): ## PID: 7 - Obtener instrucción: 12 - Instrucción: NOOP
[INFO] 05:43:36:950 KernelMemory/(7421:8501): ## PID: 7 - Obtener instrucción: 13 - Instrucción: SLEEP 1000
[INFO] 05:43:37:587 KernelMemory/(7421:8501): ## PID: 3 - Obtener instrucción: 3 - Instrucción: NOOP
[INFO] 05:43:38:088 KernelMemory/(7421:8501): ## PID: 3 - Obtener instrucción: 4 - Instrucción: NOOP
[INFO] 05:43:38:633 KernelMemory/(7421:8501): ## PID: 7 - Obtener instrucción: 14 - Instrucción: NOOP
[INFO] 05:43:39:134 KernelMemory/(7421:8501): ## PID: 7 - Obtener instrucción: 15 - Instrucción: NOOP
[INFO] 05:43:39:635 KernelMemory/(7421:8501): ## PID: 7 - Obtener instrucción: 16 - Instrucción: SLEEP 1000
[DEBUG] 05:43:39:869 KernelMemory/(7421:7929): PID: 7 - suspender_proceso: moviendo 0 segmento(s) a Swap
[INFO] 05:43:40:187 KernelMemory/(7421:8501): ## PID: 3 - Obtener instrucción: 5 - Instrucción: NOOP
[INFO] 05:43:40:691 KernelMemory/(7421:8501): ## PID: 3 - Obtener instrucción: 6 - Instrucción: NOOP
[DEBUG] 05:43:40:730 KernelMemory/(7421:7929): PID: 7 - dessuspender_proceso: 0 segmento(s) a restaurar desde Swap
[INFO] 05:43:41:192 KernelMemory/(7421:8501): ## PID: 3 - Obtener instrucción: 7 - Instrucción: NOOP
[INFO] 05:43:42:168 KernelMemory/(7421:8501): ## PID: 7 - Obtener instrucción: 17 - Instrucción: NOOP
[INFO] 05:43:42:671 KernelMemory/(7421:8501): ## PID: 7 - Obtener instrucción: 18 - Instrucción: SET PC 0
[INFO] 05:43:43:172 KernelMemory/(7421:8501): ## PID: 7 - Obtener instrucción: 1 - Instrucción: SLEEP 10000
[INFO] 05:43:43:767 KernelMemory/(7421:8501): ## PID: 3 - Obtener instrucción: 8 - Instrucción: NOOP
[INFO] 05:43:44:276 KernelMemory/(7421:8501): ## PID: 3 - Obtener instrucción: 9 - Instrucción: NOOP
[INFO] 05:43:44:784 KernelMemory/(7421:8501): ## PID: 3 - Obtener instrucción: 10 - Instrucción: NOOP
[INFO] 05:43:45:332 KernelMemory/(7421:8501): ## PID: 4 - Obtener instrucción: 7 - Instrucción: NOOP
[DEBUG] 05:43:45:752 KernelMemory/(7421:7929): PID: 7 - suspender_proceso: moviendo 0 segmento(s) a Swap
[INFO] 05:43:45:833 KernelMemory/(7421:8501): ## PID: 4 - Obtener instrucción: 8 - Instrucción: NOOP
[INFO] 05:43:46:334 KernelMemory/(7421:8501): ## PID: 4 - Obtener instrucción: 9 - Instrucción: NOOP
[INFO] 05:43:46:935 KernelMemory/(7421:8501): ## PID: 1 - Obtener instrucción: 15 - Instrucción: NOOP
[INFO] 05:43:47:435 KernelMemory/(7421:8501): ## PID: 1 - Obtener instrucción: 16 - Instrucción: NOOP
[INFO] 05:43:47:945 KernelMemory/(7421:8501): ## PID: 1 - Obtener instrucción: 17 - Instrucción: NOOP
[INFO] 05:43:48:491 KernelMemory/(7421:8501): ## PID: 2 - Obtener instrucción: 17 - Instrucción: NOOP
[INFO] 05:43:48:994 KernelMemory/(7421:8501): ## PID: 2 - Obtener instrucción: 18 - Instrucción: SET PC 0
[INFO] 05:43:49:496 KernelMemory/(7421:8501): ## PID: 2 - Obtener instrucción: 1 - Instrucción: NOOP
[INFO] 05:43:50:071 KernelMemory/(7421:8501): ## PID: 3 - Obtener instrucción: 11 - Instrucción: NOOP
[INFO] 05:43:50:573 KernelMemory/(7421:8501): ## PID: 3 - Obtener instrucción: 12 - Instrucción: NOOP
[INFO] 05:43:51:083 KernelMemory/(7421:8501): ## PID: 3 - Obtener instrucción: 13 - Instrucción: NOOP
[INFO] 05:43:51:682 KernelMemory/(7421:8501): ## PID: 4 - Obtener instrucción: 10 - Instrucción: NOOP
[INFO] 05:43:52:193 KernelMemory/(7421:8501): ## PID: 4 - Obtener instrucción: 11 - Instrucción: NOOP
[INFO] 05:43:52:701 KernelMemory/(7421:8501): ## PID: 4 - Obtener instrucción: 12 - Instrucción: NOOP
[DEBUG] 05:43:53:223 KernelMemory/(7421:7929): PID: 7 - dessuspender_proceso: 0 segmento(s) a restaurar desde Swap
[INFO] 05:43:53:244 KernelMemory/(7421:8501): ## PID: 1 - Obtener instrucción: 18 - Instrucción: SET PC 0
[INFO] 05:43:53:745 KernelMemory/(7421:8501): ## PID: 7 - Obtener instrucción: 2 - Instrucción: NOOP
[INFO] 05:43:54:248 KernelMemory/(7421:8501): ## PID: 7 - Obtener instrucción: 3 - Instrucción: NOOP
[INFO] 05:43:54:791 KernelMemory/(7421:8501): ## PID: 7 - Obtener instrucción: 4 - Instrucción: SLEEP 1000
[INFO] 05:43:55:424 KernelMemory/(7421:8501): ## PID: 1 - Obtener instrucción: 1 - Instrucción: NOOP
[INFO] 05:43:55:925 KernelMemory/(7421:8501): ## PID: 1 - Obtener instrucción: 2 - Instrucción: NOOP
[INFO] 05:43:56:469 KernelMemory/(7421:8501): ## PID: 7 - Obtener instrucción: 5 - Instrucción: NOOP
[INFO] 05:43:56:972 KernelMemory/(7421:8501): ## PID: 7 - Obtener instrucción: 6 - Instrucción: NOOP
[INFO] 05:43:57:474 KernelMemory/(7421:8501): ## PID: 7 - Obtener instrucción: 7 - Instrucción: SLEEP 1000
[INFO] 05:43:58:017 KernelMemory/(7421:8501): ## PID: 1 - Obtener instrucción: 3 - Instrucción: NOOP
[INFO] 05:43:58:518 KernelMemory/(7421:8501): ## PID: 1 - Obtener instrucción: 4 - Instrucción: NOOP
[INFO] 05:43:59:115 KernelMemory/(7421:8501): ## PID: 7 - Obtener instrucción: 8 - Instrucción: NOOP
[INFO] 05:43:59:617 KernelMemory/(7421:8501): ## PID: 7 - Obtener instrucción: 9 - Instrucción: NOOP
[INFO] 05:44:00:124 KernelMemory/(7421:8501): ## PID: 7 - Obtener instrucción: 10 - Instrucción: SLEEP 1000
[INFO] 05:44:00:716 KernelMemory/(7421:8501): ## PID: 1 - Obtener instrucción: 5 - Instrucción: NOOP
[INFO] 05:44:01:217 KernelMemory/(7421:8501): ## PID: 1 - Obtener instrucción: 6 - Instrucción: NOOP
[INFO] 05:44:01:771 KernelMemory/(7421:8501): ## PID: 7 - Obtener instrucción: 11 - Instrucción: NOOP
[INFO] 05:44:02:272 KernelMemory/(7421:8501): ## PID: 7 - Obtener instrucción: 12 - Instrucción: NOOP
[INFO] 05:44:02:817 KernelMemory/(7421:8501): ## PID: 7 - Obtener instrucción: 13 - Instrucción: SLEEP 1000
[INFO] 05:44:03:376 KernelMemory/(7421:8501): ## PID: 1 - Obtener instrucción: 7 - Instrucción: NOOP
[INFO] 05:44:03:877 KernelMemory/(7421:8501): ## PID: 1 - Obtener instrucción: 8 - Instrucción: NOOP
[INFO] 05:44:04:421 KernelMemory/(7421:8501): ## PID: 7 - Obtener instrucción: 14 - Instrucción: NOOP
[INFO] 05:44:04:923 KernelMemory/(7421:8501): ## PID: 7 - Obtener instrucción: 15 - Instrucción: NOOP
[INFO] 05:44:05:423 KernelMemory/(7421:8501): ## PID: 7 - Obtener instrucción: 16 - Instrucción: SLEEP 1000
[INFO] 05:44:05:983 KernelMemory/(7421:8501): ## PID: 1 - Obtener instrucción: 9 - Instrucción: NOOP
[INFO] 05:44:06:485 KernelMemory/(7421:8501): ## PID: 1 - Obtener instrucción: 10 - Instrucción: NOOP
[INFO] 05:44:07:124 KernelMemory/(7421:8501): ## PID: 7 - Obtener instrucción: 17 - Instrucción: NOOP
[INFO] 05:44:07:625 KernelMemory/(7421:8501): ## PID: 7 - Obtener instrucción: 18 - Instrucción: SET PC 0
[INFO] 05:44:08:129 KernelMemory/(7421:8501): ## PID: 7 - Obtener instrucción: 1 - Instrucción: SLEEP 10000
[INFO] 05:44:08:672 KernelMemory/(7421:8501): ## PID: 1 - Obtener instrucción: 11 - Instrucción: NOOP
[INFO] 05:44:09:218 KernelMemory/(7421:8501): ## PID: 1 - Obtener instrucción: 12 - Instrucción: NOOP
[DEBUG] 05:44:09:387 KernelMemory/(7421:7929): PID: 7 - suspender_proceso: moviendo 0 segmento(s) a Swap
[INFO] 05:44:09:728 KernelMemory/(7421:8501): ## PID: 1 - Obtener instrucción: 13 - Instrucción: NOOP
[INFO] 05:44:10:273 KernelMemory/(7421:8501): ## PID: 2 - Obtener instrucción: 2 - Instrucción: NOOP
[INFO] 05:44:10:775 KernelMemory/(7421:8501): ## PID: 2 - Obtener instrucción: 3 - Instrucción: NOOP
[INFO] 05:44:11:276 KernelMemory/(7421:8501): ## PID: 2 - Obtener instrucción: 4 - Instrucción: NOOP
[INFO] 05:44:11:873 KernelMemory/(7421:8501): ## PID: 3 - Obtener instrucción: 14 - Instrucción: NOOP
[INFO] 05:44:12:382 KernelMemory/(7421:8501): ## PID: 3 - Obtener instrucción: 15 - Instrucción: NOOP
[INFO] 05:44:12:948 KernelMemory/(7421:8501): ## PID: 3 - Obtener instrucción: 16 - Instrucción: NOOP
[INFO] 05:44:13:498 KernelMemory/(7421:8501): ## PID: 4 - Obtener instrucción: 13 - Instrucción: NOOP
[INFO] 05:44:14:000 KernelMemory/(7421:8501): ## PID: 4 - Obtener instrucción: 14 - Instrucción: NOOP
[INFO] 05:44:14:520 KernelMemory/(7421:8501): ## PID: 4 - Obtener instrucción: 15 - Instrucción: NOOP
[INFO] 05:44:15:065 KernelMemory/(7421:8501): ## PID: 1 - Obtener instrucción: 14 - Instrucción: NOOP
[INFO] 05:44:15:566 KernelMemory/(7421:8501): ## PID: 1 - Obtener instrucción: 15 - Instrucción: NOOP
[INFO] 05:44:16:067 KernelMemory/(7421:8501): ## PID: 1 - Obtener instrucción: 16 - Instrucción: NOOP
[INFO] 05:44:16:704 KernelMemory/(7421:8501): ## PID: 2 - Obtener instrucción: 5 - Instrucción: NOOP
[INFO] 05:44:17:206 KernelMemory/(7421:8501): ## PID: 2 - Obtener instrucción: 6 - Instrucción: NOOP
[INFO] 05:44:17:708 KernelMemory/(7421:8501): ## PID: 2 - Obtener instrucción: 7 - Instrucción: NOOP
[DEBUG] 05:44:18:176 KernelMemory/(7421:7929): PID: 7 - dessuspender_proceso: 0 segmento(s) a restaurar desde Swap
[INFO] 05:44:18:251 KernelMemory/(7421:8501): ## PID: 3 - Obtener instrucción: 17 - Instrucción: NOOP
[INFO] 05:44:18:754 KernelMemory/(7421:8501): ## PID: 7 - Obtener instrucción: 2 - Instrucción: NOOP
[INFO] 05:44:19:257 KernelMemory/(7421:8501): ## PID: 7 - Obtener instrucción: 3 - Instrucción: NOOP
[INFO] 05:44:19:804 KernelMemory/(7421:8501): ## PID: 7 - Obtener instrucción: 4 - Instrucción: SLEEP 1000
[INFO] 05:44:20:349 KernelMemory/(7421:8501): ## PID: 3 - Obtener instrucción: 18 - Instrucción: SET PC 0
[INFO] 05:44:20:850 KernelMemory/(7421:8501): ## PID: 3 - Obtener instrucción: 1 - Instrucción: NOOP
[INFO] 05:44:21:399 KernelMemory/(7421:8501): ## PID: 7 - Obtener instrucción: 5 - Instrucción: NOOP
[INFO] 05:44:21:900 KernelMemory/(7421:8501): ## PID: 7 - Obtener instrucción: 6 - Instrucción: NOOP
[INFO] 05:44:22:403 KernelMemory/(7421:8501): ## PID: 7 - Obtener instrucción: 7 - Instrucción: SLEEP 1000
[INFO] 05:44:23:038 KernelMemory/(7421:8501): ## PID: 3 - Obtener instrucción: 2 - Instrucción: NOOP
[INFO] 05:44:23:539 KernelMemory/(7421:8501): ## PID: 3 - Obtener instrucción: 3 - Instrucción: NOOP
[INFO] 05:44:24:133 KernelMemory/(7421:8501): ## PID: 7 - Obtener instrucción: 8 - Instrucción: NOOP
[INFO] 05:44:24:638 KernelMemory/(7421:8501): ## PID: 7 - Obtener instrucción: 9 - Instrucción: NOOP
[INFO] 05:44:25:139 KernelMemory/(7421:8501): ## PID: 7 - Obtener instrucción: 10 - Instrucción: SLEEP 1000
[INFO] 05:44:25:720 KernelMemory/(7421:8501): ## PID: 3 - Obtener instrucción: 4 - Instrucción: NOOP
[INFO] 05:44:26:221 KernelMemory/(7421:8501): ## PID: 3 - Obtener instrucción: 5 - Instrucción: NOOP
[INFO] 05:44:26:812 KernelMemory/(7421:8501): ## PID: 7 - Obtener instrucción: 11 - Instrucción: NOOP
[INFO] 05:44:27:343 KernelMemory/(7421:8501): ## PID: 7 - Obtener instrucción: 12 - Instrucción: NOOP
[INFO] 05:44:27:844 KernelMemory/(7421:8501): ## PID: 7 - Obtener instrucción: 13 - Instrucción: SLEEP 1000
[INFO] 05:44:28:480 KernelMemory/(7421:8501): ## PID: 3 - Obtener instrucción: 6 - Instrucción: NOOP
[INFO] 05:44:28:981 KernelMemory/(7421:8501): ## PID: 3 - Obtener instrucción: 7 - Instrucción: NOOP
[INFO] 05:44:29:529 KernelMemory/(7421:8501): ## PID: 7 - Obtener instrucción: 14 - Instrucción: NOOP
[INFO] 05:44:30:031 KernelMemory/(7421:8501): ## PID: 7 - Obtener instrucción: 15 - Instrucción: NOOP
[INFO] 05:44:30:542 KernelMemory/(7421:8501): ## PID: 7 - Obtener instrucción: 16 - Instrucción: SLEEP 1000
[INFO] 05:44:31:090 KernelMemory/(7421:8501): ## PID: 3 - Obtener instrucción: 8 - Instrucción: NOOP
[INFO] 05:44:31:592 KernelMemory/(7421:8501): ## PID: 3 - Obtener instrucción: 9 - Instrucción: NOOP
[INFO] 05:44:32:183 KernelMemory/(7421:8501): ## PID: 7 - Obtener instrucción: 17 - Instrucción: NOOP
[INFO] 05:44:32:695 KernelMemory/(7421:8501): ## PID: 7 - Obtener instrucción: 18 - Instrucción: SET PC 0
[INFO] 05:44:33:200 KernelMemory/(7421:8501): ## PID: 7 - Obtener instrucción: 1 - Instrucción: SLEEP 10000
[INFO] 05:44:33:747 KernelMemory/(7421:8501): ## PID: 3 - Obtener instrucción: 10 - Instrucción: NOOP
[INFO] 05:44:34:251 KernelMemory/(7421:8501): ## PID: 3 - Obtener instrucción: 11 - Instrucción: NOOP
[INFO] 05:44:34:752 KernelMemory/(7421:8501): ## PID: 3 - Obtener instrucción: 12 - Instrucción: NOOP
[DEBUG] 05:44:35:175 KernelMemory/(7421:7929): PID: 7 - suspender_proceso: moviendo 0 segmento(s) a Swap
[INFO] 05:44:35:300 KernelMemory/(7421:8501): ## PID: 4 - Obtener instrucción: 16 - Instrucción: NOOP
[INFO] 05:44:35:801 KernelMemory/(7421:8501): ## PID: 4 - Obtener instrucción: 17 - Instrucción: NOOP
[INFO] 05:44:36:304 KernelMemory/(7421:8501): ## PID: 4 - Obtener instrucción: 18 - Instrucción: SET PC 0
[INFO] 05:44:36:893 KernelMemory/(7421:8501): ## PID: 1 - Obtener instrucción: 17 - Instrucción: NOOP
[INFO] 05:44:37:395 KernelMemory/(7421:8501): ## PID: 1 - Obtener instrucción: 18 - Instrucción: SET PC 0
[INFO] 05:44:37:898 KernelMemory/(7421:8501): ## PID: 1 - Obtener instrucción: 1 - Instrucción: NOOP
[INFO] 05:44:38:451 KernelMemory/(7421:8501): ## PID: 2 - Obtener instrucción: 8 - Instrucción: NOOP
[INFO] 05:44:38:982 KernelMemory/(7421:8501): ## PID: 2 - Obtener instrucción: 9 - Instrucción: NOOP
[INFO] 05:44:39:544 KernelMemory/(7421:8501): ## PID: 2 - Obtener instrucción: 10 - Instrucción: NOOP
[INFO] 05:44:40:051 KernelMemory/(7421:8501): ## PID: 3 - Obtener instrucción: 13 - Instrucción: NOOP
[INFO] 05:44:40:552 KernelMemory/(7421:8501): ## PID: 3 - Obtener instrucción: 14 - Instrucción: NOOP
[INFO] 05:44:41:095 KernelMemory/(7421:8501): ## PID: 3 - Obtener instrucción: 15 - Instrucción: NOOP
[INFO] 05:44:41:685 KernelMemory/(7421:8501): ## PID: 4 - Obtener instrucción: 1 - Instrucción: NOOP
[INFO] 05:44:42:187 KernelMemory/(7421:8501): ## PID: 4 - Obtener instrucción: 2 - Instrucción: NOOP
[INFO] 05:44:42:731 KernelMemory/(7421:8501): ## PID: 4 - Obtener instrucción: 3 - Instrucción: NOOP
[INFO] 05:44:43:232 KernelMemory/(7421:8501): ## PID: 1 - Obtener instrucción: 2 - Instrucción: NOOP
[DEBUG] 05:44:43:291 KernelMemory/(7421:7929): PID: 7 - dessuspender_proceso: 0 segmento(s) a restaurar desde Swap
[INFO] 05:44:43:734 KernelMemory/(7421:8501): ## PID: 1 - Obtener instrucción: 3 - Instrucción: NOOP
[INFO] 05:44:44:362 KernelMemory/(7421:8501): ## PID: 7 - Obtener instrucción: 2 - Instrucción: NOOP
[INFO] 05:44:44:867 KernelMemory/(7421:8501): ## PID: 7 - Obtener instrucción: 3 - Instrucción: NOOP
[INFO] 05:44:45:371 KernelMemory/(7421:8501): ## PID: 7 - Obtener instrucción: 4 - Instrucción: SLEEP 1000
[INFO] 05:44:45:968 KernelMemory/(7421:8501): ## PID: 1 - Obtener instrucción: 4 - Instrucción: NOOP
[INFO] 05:44:46:556 KernelMemory/(7421:8501): ## PID: 1 - Obtener instrucción: 5 - Instrucción: NOOP
[INFO] 05:44:47:062 KernelMemory/(7421:8501): ## PID: 1 - Obtener instrucción: 6 - Instrucción: NOOP
[INFO] 05:44:47:622 KernelMemory/(7421:8501): ## PID: 7 - Obtener instrucción: 5 - Instrucción: NOOP
[INFO] 05:44:48:123 KernelMemory/(7421:8501): ## PID: 7 - Obtener instrucción: 6 - Instrucción: NOOP
[INFO] 05:44:48:624 KernelMemory/(7421:8501): ## PID: 7 - Obtener instrucción: 7 - Instrucción: SLEEP 1000
[INFO] 05:44:49:168 KernelMemory/(7421:8501): ## PID: 1 - Obtener instrucción: 7 - Instrucción: NOOP
[INFO] 05:44:49:670 KernelMemory/(7421:8501): ## PID: 1 - Obtener instrucción: 8 - Instrucción: NOOP
[INFO] 05:44:50:261 KernelMemory/(7421:8501): ## PID: 7 - Obtener instrucción: 8 - Instrucción: NOOP
[INFO] 05:44:50:764 KernelMemory/(7421:8501): ## PID: 7 - Obtener instrucción: 9 - Instrucción: NOOP
[INFO] 05:44:51:265 KernelMemory/(7421:8501): ## PID: 7 - Obtener instrucción: 10 - Instrucción: SLEEP 1000
[INFO] 05:44:51:899 KernelMemory/(7421:8501): ## PID: 1 - Obtener instrucción: 9 - Instrucción: NOOP
[INFO] 05:44:52:410 KernelMemory/(7421:8501): ## PID: 1 - Obtener instrucción: 10 - Instrucción: NOOP
[INFO] 05:44:52:913 KernelMemory/(7421:8501): ## PID: 7 - Obtener instrucción: 11 - Instrucción: NOOP
[INFO] 05:44:53:414 KernelMemory/(7421:8501): ## PID: 7 - Obtener instrucción: 12 - Instrucción: NOOP
[INFO] 05:44:53:963 KernelMemory/(7421:8501): ## PID: 7 - Obtener instrucción: 13 - Instrucción: SLEEP 1000
[INFO] 05:44:54:508 KernelMemory/(7421:8501): ## PID: 1 - Obtener instrucción: 11 - Instrucción: NOOP
[DEBUG] 05:44:54:848 KernelMemory/(7421:7929): PID: 7 - suspender_proceso: moviendo 0 segmento(s) a Swap
[INFO] 05:44:55:013 KernelMemory/(7421:8501): ## PID: 1 - Obtener instrucción: 12 - Instrucción: NOOP
[DEBUG] 05:44:55:014 KernelMemory/(7421:7929): PID: 7 - dessuspender_proceso: 0 segmento(s) a restaurar desde Swap
[INFO] 05:44:55:564 KernelMemory/(7421:8501): ## PID: 7 - Obtener instrucción: 14 - Instrucción: NOOP
[INFO] 05:44:56:068 KernelMemory/(7421:8501): ## PID: 7 - Obtener instrucción: 15 - Instrucción: NOOP
[INFO] 05:44:56:568 KernelMemory/(7421:8501): ## PID: 7 - Obtener instrucción: 16 - Instrucción: SLEEP 1000
[INFO] 05:44:57:160 KernelMemory/(7421:8501): ## PID: 1 - Obtener instrucción: 13 - Instrucción: NOOP
[DEBUG] 05:44:57:495 KernelMemory/(7421:7929): PID: 7 - suspender_proceso: moviendo 0 segmento(s) a Swap
[DEBUG] 05:44:57:621 KernelMemory/(7421:7929): PID: 7 - dessuspender_proceso: 0 segmento(s) a restaurar desde Swap
[INFO] 05:44:57:662 KernelMemory/(7421:8501): ## PID: 1 - Obtener instrucción: 14 - Instrucción: NOOP
[INFO] 05:44:58:255 KernelMemory/(7421:8501): ## PID: 7 - Obtener instrucción: 17 - Instrucción: NOOP
[INFO] 05:44:58:755 KernelMemory/(7421:8501): ## PID: 7 - Obtener instrucción: 18 - Instrucción: SET PC 0
[INFO] 05:44:59:257 KernelMemory/(7421:8501): ## PID: 7 - Obtener instrucción: 1 - Instrucción: SLEEP 10000
[INFO] 05:44:59:800 KernelMemory/(7421:8501): ## PID: 1 - Obtener instrucción: 15 - Instrucción: NOOP
[DEBUG] 05:45:00:239 KernelMemory/(7421:7929): PID: 7 - suspender_proceso: moviendo 0 segmento(s) a Swap
[INFO] 05:45:00:301 KernelMemory/(7421:8501): ## PID: 1 - Obtener instrucción: 16 - Instrucción: NOOP
[INFO] 05:45:00:802 KernelMemory/(7421:8501): ## PID: 1 - Obtener instrucción: 17 - Instrucción: NOOP
[INFO] 05:45:01:347 KernelMemory/(7421:8501): ## PID: 2 - Obtener instrucción: 11 - Instrucción: NOOP
[INFO] 05:45:01:853 KernelMemory/(7421:8501): ## PID: 2 - Obtener instrucción: 12 - Instrucción: NOOP
[INFO] 05:45:02:357 KernelMemory/(7421:8501): ## PID: 2 - Obtener instrucción: 13 - Instrucción: NOOP
[INFO] 05:45:02:951 KernelMemory/(7421:8501): ## PID: 3 - Obtener instrucción: 16 - Instrucción: NOOP
[INFO] 05:45:03:452 KernelMemory/(7421:8501): ## PID: 3 - Obtener instrucción: 17 - Instrucción: NOOP
[INFO] 05:45:03:955 KernelMemory/(7421:8501): ## PID: 3 - Obtener instrucción: 18 - Instrucción: SET PC 0
[INFO] 05:45:04:548 KernelMemory/(7421:8501): ## PID: 4 - Obtener instrucción: 4 - Instrucción: NOOP
[INFO] 05:45:05:050 KernelMemory/(7421:8501): ## PID: 4 - Obtener instrucción: 5 - Instrucción: NOOP
[INFO] 05:45:05:551 KernelMemory/(7421:8501): ## PID: 4 - Obtener instrucción: 6 - Instrucción: NOOP
[INFO] 05:45:06:100 KernelMemory/(7421:8501): ## PID: 1 - Obtener instrucción: 18 - Instrucción: SET PC 0
[INFO] 05:45:06:601 KernelMemory/(7421:8501): ## PID: 1 - Obtener instrucción: 1 - Instrucción: NOOP
[INFO] 05:45:07:102 KernelMemory/(7421:8501): ## PID: 1 - Obtener instrucción: 2 - Instrucción: NOOP
[INFO] 05:45:07:688 KernelMemory/(7421:8501): ## PID: 2 - Obtener instrucción: 14 - Instrucción: NOOP
[INFO] 05:45:08:202 KernelMemory/(7421:8501): ## PID: 2 - Obtener instrucción: 15 - Instrucción: NOOP
[INFO] 05:45:08:709 KernelMemory/(7421:8501): ## PID: 2 - Obtener instrucción: 16 - Instrucción: NOOP
[INFO] 05:45:09:253 KernelMemory/(7421:8501): ## PID: 3 - Obtener instrucción: 1 - Instrucción: NOOP
[DEBUG] 05:45:09:343 KernelMemory/(7421:7929): PID: 7 - dessuspender_proceso: 0 segmento(s) a restaurar desde Swap
[INFO] 05:45:09:755 KernelMemory/(7421:8501): ## PID: 3 - Obtener instrucción: 2 - Instrucción: NOOP
[INFO] 05:45:10:314 KernelMemory/(7421:8501): ## PID: 7 - Obtener instrucción: 2 - Instrucción: NOOP
[INFO] 05:45:10:873 KernelMemory/(7421:8501): ## PID: 7 - Obtener instrucción: 3 - Instrucción: NOOP
[INFO] 05:45:11:379 KernelMemory/(7421:8501): ## PID: 7 - Obtener instrucción: 4 - Instrucción: SLEEP 1000
[INFO] 05:45:12:030 KernelMemory/(7421:8501): ## PID: 3 - Obtener instrucción: 3 - Instrucción: NOOP
[INFO] 05:45:12:531 KernelMemory/(7421:8501): ## PID: 3 - Obtener instrucción: 4 - Instrucción: NOOP
[INFO] 05:45:13:076 KernelMemory/(7421:8501): ## PID: 7 - Obtener instrucción: 5 - Instrucción: NOOP
[INFO] 05:45:13:579 KernelMemory/(7421:8501): ## PID: 7 - Obtener instrucción: 6 - Instrucción: NOOP
[INFO] 05:45:14:079 KernelMemory/(7421:8501): ## PID: 7 - Obtener instrucción: 7 - Instrucción: SLEEP 1000
[INFO] 05:45:14:629 KernelMemory/(7421:8501): ## PID: 3 - Obtener instrucción: 5 - Instrucción: NOOP
[INFO] 05:45:15:131 KernelMemory/(7421:8501): ## PID: 3 - Obtener instrucción: 6 - Instrucción: NOOP
[INFO] 05:45:15:724 KernelMemory/(7421:8501): ## PID: 7 - Obtener instrucción: 8 - Instrucción: NOOP
[INFO] 05:45:16:228 KernelMemory/(7421:8501): ## PID: 7 - Obtener instrucción: 9 - Instrucción: NOOP
[INFO] 05:45:16:730 KernelMemory/(7421:8501): ## PID: 7 - Obtener instrucción: 10 - Instrucción: SLEEP 1000
[INFO] 05:45:17:273 KernelMemory/(7421:8501): ## PID: 3 - Obtener instrucción: 7 - Instrucción: NOOP
[INFO] 05:45:17:775 KernelMemory/(7421:8501): ## PID: 3 - Obtener instrucción: 8 - Instrucción: NOOP
[INFO] 05:45:18:321 KernelMemory/(7421:8501): ## PID: 7 - Obtener instrucción: 11 - Instrucción: NOOP
[INFO] 05:45:18:824 KernelMemory/(7421:8501): ## PID: 7 - Obtener instrucción: 12 - Instrucción: NOOP
[INFO] 05:45:19:324 KernelMemory/(7421:8501): ## PID: 7 - Obtener instrucción: 13 - Instrucción: SLEEP 1000
[INFO] 05:45:19:957 KernelMemory/(7421:8501): ## PID: 3 - Obtener instrucción: 9 - Instrucción: NOOP
[INFO] 05:45:20:458 KernelMemory/(7421:8501): ## PID: 3 - Obtener instrucción: 10 - Instrucción: NOOP
[INFO] 05:45:21:009 KernelMemory/(7421:8501): ## PID: 7 - Obtener instrucción: 14 - Instrucción: NOOP
[INFO] 05:45:21:517 KernelMemory/(7421:8501): ## PID: 7 - Obtener instrucción: 15 - Instrucción: NOOP
[INFO] 05:45:22:062 KernelMemory/(7421:8501): ## PID: 7 - Obtener instrucción: 16 - Instrucción: SLEEP 1000
[INFO] 05:45:22:566 KernelMemory/(7421:8501): ## PID: 3 - Obtener instrucción: 11 - Instrucción: NOOP
[INFO] 05:45:23:073 KernelMemory/(7421:8501): ## PID: 3 - Obtener instrucción: 12 - Instrucción: NOOP
[INFO] 05:45:23:663 KernelMemory/(7421:8501): ## PID: 7 - Obtener instrucción: 17 - Instrucción: NOOP
[INFO] 05:45:24:165 KernelMemory/(7421:8501): ## PID: 7 - Obtener instrucción: 18 - Instrucción: SET PC 0
[INFO] 05:45:24:667 KernelMemory/(7421:8501): ## PID: 7 - Obtener instrucción: 1 - Instrucción: SLEEP 10000
[INFO] 05:45:25:222 KernelMemory/(7421:8501): ## PID: 3 - Obtener instrucción: 13 - Instrucción: NOOP
[INFO] 05:45:25:728 KernelMemory/(7421:8501): ## PID: 3 - Obtener instrucción: 14 - Instrucción: NOOP
[INFO] 05:45:26:232 KernelMemory/(7421:8501): ## PID: 3 - Obtener instrucción: 15 - Instrucción: NOOP
[DEBUG] 05:45:26:310 KernelMemory/(7421:7929): PID: 7 - suspender_proceso: moviendo 0 segmento(s) a Swap
[INFO] 05:45:26:830 KernelMemory/(7421:8501): ## PID: 4 - Obtener instrucción: 7 - Instrucción: NOOP
[INFO] 05:45:27:331 KernelMemory/(7421:8501): ## PID: 4 - Obtener instrucción: 8 - Instrucción: NOOP
[INFO] 05:45:27:842 KernelMemory/(7421:8501): ## PID: 4 - Obtener instrucción: 9 - Instrucción: NOOP
[INFO] 05:45:28:437 KernelMemory/(7421:8501): ## PID: 1 - Obtener instrucción: 3 - Instrucción: NOOP
[INFO] 05:45:28:942 KernelMemory/(7421:8501): ## PID: 1 - Obtener instrucción: 4 - Instrucción: NOOP
[INFO] 05:45:29:468 KernelMemory/(7421:8501): ## PID: 1 - Obtener instrucción: 5 - Instrucción: NOOP
[INFO] 05:45:30:015 KernelMemory/(7421:8501): ## PID: 2 - Obtener instrucción: 17 - Instrucción: NOOP
[INFO] 05:45:30:520 KernelMemory/(7421:8501): ## PID: 2 - Obtener instrucción: 18 - Instrucción: SET PC 0
[INFO] 05:45:31:020 KernelMemory/(7421:8501): ## PID: 2 - Obtener instrucción: 1 - Instrucción: NOOP
[INFO] 05:45:31:573 KernelMemory/(7421:8501): ## PID: 3 - Obtener instrucción: 16 - Instrucción: NOOP
[INFO] 05:45:32:089 KernelMemory/(7421:8501): ## PID: 3 - Obtener instrucción: 17 - Instrucción: NOOP
[INFO] 05:45:32:590 KernelMemory/(7421:8501): ## PID: 3 - Obtener instrucción: 18 - Instrucción: SET PC 0
[INFO] 05:45:33:180 KernelMemory/(7421:8501): ## PID: 4 - Obtener instrucción: 10 - Instrucción: NOOP
[INFO] 05:45:33:681 KernelMemory/(7421:8501): ## PID: 4 - Obtener instrucción: 11 - Instrucción: NOOP
[INFO] 05:45:34:190 KernelMemory/(7421:8501): ## PID: 4 - Obtener instrucción: 12 - Instrucción: NOOP
[DEBUG] 05:45:34:719 KernelMemory/(7421:7929): PID: 7 - dessuspender_proceso: 0 segmento(s) a restaurar desde Swap
[INFO] 05:45:34:739 KernelMemory/(7421:8501): ## PID: 1 - Obtener instrucción: 6 - Instrucción: NOOP
[INFO] 05:45:35:329 KernelMemory/(7421:8501): ## PID: 7 - Obtener instrucción: 2 - Instrucción: NOOP
[INFO] 05:45:35:831 KernelMemory/(7421:8501): ## PID: 7 - Obtener instrucción: 3 - Instrucción: NOOP
[INFO] 05:45:36:380 KernelMemory/(7421:8501): ## PID: 7 - Obtener instrucción: 4 - Instrucción: SLEEP 1000
[INFO] 05:45:36:931 KernelMemory/(7421:8501): ## PID: 1 - Obtener instrucción: 7 - Instrucción: NOOP
[INFO] 05:45:37:434 KernelMemory/(7421:8501): ## PID: 1 - Obtener instrucción: 8 - Instrucción: NOOP
[INFO] 05:45:37:985 KernelMemory/(7421:8501): ## PID: 7 - Obtener instrucción: 5 - Instrucción: NOOP
[INFO] 05:45:38:489 KernelMemory/(7421:8501): ## PID: 7 - Obtener instrucción: 6 - Instrucción: NOOP
[INFO] 05:45:39:004 KernelMemory/(7421:8501): ## PID: 7 - Obtener instrucción: 7 - Instrucción: SLEEP 1000
[INFO] 05:45:39:559 KernelMemory/(7421:8501): ## PID: 1 - Obtener instrucción: 9 - Instrucción: NOOP
[INFO] 05:45:40:060 KernelMemory/(7421:8501): ## PID: 1 - Obtener instrucción: 10 - Instrucción: NOOP
[INFO] 05:45:40:650 KernelMemory/(7421:8501): ## PID: 7 - Obtener instrucción: 8 - Instrucción: NOOP
[INFO] 05:45:41:150 KernelMemory/(7421:8501): ## PID: 7 - Obtener instrucción: 9 - Instrucción: NOOP
[INFO] 05:45:41:653 KernelMemory/(7421:8501): ## PID: 7 - Obtener instrucción: 10 - Instrucción: SLEEP 1000
[INFO] 05:45:42:197 KernelMemory/(7421:8501): ## PID: 1 - Obtener instrucción: 11 - Instrucción: NOOP
[INFO] 05:45:42:699 KernelMemory/(7421:8501): ## PID: 1 - Obtener instrucción: 12 - Instrucción: NOOP
[INFO] 05:45:43:249 KernelMemory/(7421:8501): ## PID: 7 - Obtener instrucción: 11 - Instrucción: NOOP
[INFO] 05:45:43:754 KernelMemory/(7421:8501): ## PID: 7 - Obtener instrucción: 12 - Instrucción: NOOP
[INFO] 05:45:44:256 KernelMemory/(7421:8501): ## PID: 7 - Obtener instrucción: 13 - Instrucción: SLEEP 1000
[INFO] 05:45:44:899 KernelMemory/(7421:8501): ## PID: 1 - Obtener instrucción: 13 - Instrucción: NOOP
[INFO] 05:45:45:400 KernelMemory/(7421:8501): ## PID: 1 - Obtener instrucción: 14 - Instrucción: NOOP
[INFO] 05:45:45:945 KernelMemory/(7421:8501): ## PID: 7 - Obtener instrucción: 14 - Instrucción: NOOP
[INFO] 05:45:46:455 KernelMemory/(7421:8501): ## PID: 7 - Obtener instrucción: 15 - Instrucción: NOOP
[INFO] 05:45:46:959 KernelMemory/(7421:8501): ## PID: 7 - Obtener instrucción: 16 - Instrucción: SLEEP 1000
[INFO] 05:45:47:510 KernelMemory/(7421:8501): ## PID: 1 - Obtener instrucción: 15 - Instrucción: NOOP
[INFO] 05:45:48:013 KernelMemory/(7421:8501): ## PID: 1 - Obtener instrucción: 16 - Instrucción: NOOP
[INFO] 05:45:48:602 KernelMemory/(7421:8501): ## PID: 7 - Obtener instrucción: 17 - Instrucción: NOOP
[INFO] 05:45:49:103 KernelMemory/(7421:8501): ## PID: 7 - Obtener instrucción: 18 - Instrucción: SET PC 0
[INFO] 05:45:49:608 KernelMemory/(7421:8501): ## PID: 7 - Obtener instrucción: 1 - Instrucción: SLEEP 10000
[INFO] 05:45:50:153 KernelMemory/(7421:8501): ## PID: 1 - Obtener instrucción: 17 - Instrucción: NOOP
[INFO] 05:45:50:655 KernelMemory/(7421:8501): ## PID: 1 - Obtener instrucción: 18 - Instrucción: SET PC 0
[INFO] 05:45:51:156 KernelMemory/(7421:8501): ## PID: 1 - Obtener instrucción: 1 - Instrucción: NOOP
[INFO] 05:45:51:706 KernelMemory/(7421:8501): ## PID: 2 - Obtener instrucción: 2 - Instrucción: NOOP
[DEBUG] 05:45:51:817 KernelMemory/(7421:7929): PID: 7 - suspender_proceso: moviendo 0 segmento(s) a Swap
[INFO] 05:45:52:208 KernelMemory/(7421:8501): ## PID: 2 - Obtener instrucción: 3 - Instrucción: NOOP
[INFO] 05:45:52:709 KernelMemory/(7421:8501): ## PID: 2 - Obtener instrucción: 4 - Instrucción: NOOP
[INFO] 05:45:53:355 KernelMemory/(7421:8501): ## PID: 3 - Obtener instrucción: 1 - Instrucción: NOOP
[INFO] 05:45:53:859 KernelMemory/(7421:8501): ## PID: 3 - Obtener instrucción: 2 - Instrucción: NOOP
[INFO] 05:45:54:361 KernelMemory/(7421:8501): ## PID: 3 - Obtener instrucción: 3 - Instrucción: NOOP
[INFO] 05:45:54:908 KernelMemory/(7421:8501): ## PID: 4 - Obtener instrucción: 13 - Instrucción: NOOP
[INFO] 05:45:55:421 KernelMemory/(7421:8501): ## PID: 4 - Obtener instrucción: 14 - Instrucción: NOOP
[INFO] 05:45:55:949 KernelMemory/(7421:8501): ## PID: 4 - Obtener instrucción: 15 - Instrucción: NOOP
[INFO] 05:45:56:506 KernelMemory/(7421:8501): ## PID: 1 - Obtener instrucción: 2 - Instrucción: NOOP
[INFO] 05:45:57:016 KernelMemory/(7421:8501): ## PID: 1 - Obtener instrucción: 3 - Instrucción: NOOP
[INFO] 05:45:57:518 KernelMemory/(7421:8501): ## PID: 1 - Obtener instrucción: 4 - Instrucción: NOOP
[INFO] 05:45:58:117 KernelMemory/(7421:8501): ## PID: 2 - Obtener instrucción: 5 - Instrucción: NOOP
[INFO] 05:45:58:620 KernelMemory/(7421:8501): ## PID: 2 - Obtener instrucción: 6 - Instrucción: NOOP
[INFO] 05:45:59:130 KernelMemory/(7421:8501): ## PID: 2 - Obtener instrucción: 7 - Instrucción: NOOP
[DEBUG] 05:45:59:669 KernelMemory/(7421:7929): PID: 7 - dessuspender_proceso: 0 segmento(s) a restaurar desde Swap
[INFO] 05:45:59:730 KernelMemory/(7421:8501): ## PID: 3 - Obtener instrucción: 4 - Instrucción: NOOP
[INFO] 05:46:00:234 KernelMemory/(7421:8501): ## PID: 7 - Obtener instrucción: 2 - Instrucción: NOOP
[INFO] 05:46:00:742 KernelMemory/(7421:8501): ## PID: 7 - Obtener instrucción: 3 - Instrucción: NOOP
[INFO] 05:46:01:291 KernelMemory/(7421:8501): ## PID: 7 - Obtener instrucción: 4 - Instrucción: SLEEP 1000
[INFO] 05:46:01:889 KernelMemory/(7421:8501): ## PID: 3 - Obtener instrucción: 5 - Instrucción: NOOP
[INFO] 05:46:02:400 KernelMemory/(7421:8501): ## PID: 3 - Obtener instrucción: 6 - Instrucción: NOOP
[INFO] 05:46:02:955 KernelMemory/(7421:8501): ## PID: 3 - Obtener instrucción: 7 - Instrucción: NOOP
[INFO] 05:46:03:466 KernelMemory/(7421:8501): ## PID: 7 - Obtener instrucción: 5 - Instrucción: NOOP
[INFO] 05:46:04:015 KernelMemory/(7421:8501): ## PID: 7 - Obtener instrucción: 6 - Instrucción: NOOP
[INFO] 05:46:04:516 KernelMemory/(7421:8501): ## PID: 7 - Obtener instrucción: 7 - Instrucción: SLEEP 1000
[INFO] 05:46:05:176 KernelMemory/(7421:8501): ## PID: 3 - Obtener instrucción: 8 - Instrucción: NOOP
[INFO] 05:46:05:678 KernelMemory/(7421:8501): ## PID: 3 - Obtener instrucción: 9 - Instrucción: NOOP
[INFO] 05:46:06:269 KernelMemory/(7421:8501): ## PID: 7 - Obtener instrucción: 8 - Instrucción: NOOP
[INFO] 05:46:06:774 KernelMemory/(7421:8501): ## PID: 7 - Obtener instrucción: 9 - Instrucción: NOOP
[INFO] 05:46:07:276 KernelMemory/(7421:8501): ## PID: 7 - Obtener instrucción: 10 - Instrucción: SLEEP 1000
[INFO] 05:46:07:864 KernelMemory/(7421:8501): ## PID: 3 - Obtener instrucción: 10 - Instrucción: NOOP
[INFO] 05:46:08:369 KernelMemory/(7421:8501): ## PID: 3 - Obtener instrucción: 11 - Instrucción: NOOP
[INFO] 05:46:08:921 KernelMemory/(7421:8501): ## PID: 7 - Obtener instrucción: 11 - Instrucción: NOOP
[INFO] 05:46:09:468 KernelMemory/(7421:8501): ## PID: 7 - Obtener instrucción: 12 - Instrucción: NOOP
[INFO] 05:46:09:969 KernelMemory/(7421:8501): ## PID: 7 - Obtener instrucción: 13 - Instrucción: SLEEP 1000
[INFO] 05:46:10:518 KernelMemory/(7421:8501): ## PID: 3 - Obtener instrucción: 12 - Instrucción: NOOP
[INFO] 05:46:11:021 KernelMemory/(7421:8501): ## PID: 3 - Obtener instrucción: 13 - Instrucción: NOOP
[INFO] 05:46:11:565 KernelMemory/(7421:8501): ## PID: 7 - Obtener instrucción: 14 - Instrucción: NOOP
[INFO] 05:46:12:088 KernelMemory/(7421:8501): ## PID: 7 - Obtener instrucción: 15 - Instrucción: NOOP
[INFO] 05:46:12:592 KernelMemory/(7421:8501): ## PID: 7 - Obtener instrucción: 16 - Instrucción: SLEEP 1000
[INFO] 05:46:13:151 KernelMemory/(7421:8501): ## PID: 3 - Obtener instrucción: 14 - Instrucción: NOOP
[INFO] 05:46:13:652 KernelMemory/(7421:8501): ## PID: 3 - Obtener instrucción: 15 - Instrucción: NOOP
[INFO] 05:46:14:240 KernelMemory/(7421:8501): ## PID: 7 - Obtener instrucción: 17 - Instrucción: NOOP
[INFO] 05:46:14:742 KernelMemory/(7421:8501): ## PID: 7 - Obtener instrucción: 18 - Instrucción: SET PC 0
[INFO] 05:46:15:243 KernelMemory/(7421:8501): ## PID: 7 - Obtener instrucción: 1 - Instrucción: SLEEP 10000
[INFO] 05:46:15:838 KernelMemory/(7421:8501): ## PID: 3 - Obtener instrucción: 16 - Instrucción: NOOP
[INFO] 05:46:16:353 KernelMemory/(7421:8501): ## PID: 3 - Obtener instrucción: 17 - Instrucción: NOOP
[DEBUG] 05:46:16:704 KernelMemory/(7421:7929): PID: 7 - suspender_proceso: moviendo 0 segmento(s) a Swap
[INFO] 05:46:16:884 KernelMemory/(7421:8501): ## PID: 3 - Obtener instrucción: 18 - Instrucción: SET PC 0
[INFO] 05:46:17:435 KernelMemory/(7421:8501): ## PID: 4 - Obtener instrucción: 16 - Instrucción: NOOP
[INFO] 05:46:17:937 KernelMemory/(7421:8501): ## PID: 4 - Obtener instrucción: 17 - Instrucción: NOOP
[INFO] 05:46:18:439 KernelMemory/(7421:8501): ## PID: 4 - Obtener instrucción: 18 - Instrucción: SET PC 0
[INFO] 05:46:19:043 KernelMemory/(7421:8501): ## PID: 1 - Obtener instrucción: 5 - Instrucción: NOOP
[INFO] 05:46:19:545 KernelMemory/(7421:8501): ## PID: 1 - Obtener instrucción: 6 - Instrucción: NOOP
[INFO] 05:46:20:072 KernelMemory/(7421:8501): ## PID: 1 - Obtener instrucción: 7 - Instrucción: NOOP
[INFO] 05:46:20:622 KernelMemory/(7421:8501): ## PID: 2 - Obtener instrucción: 8 - Instrucción: NOOP
[INFO] 05:46:21:123 KernelMemory/(7421:8501): ## PID: 2 - Obtener instrucción: 9 - Instrucción: NOOP
[INFO] 05:46:21:624 KernelMemory/(7421:8501): ## PID: 2 - Obtener instrucción: 10 - Instrucción: NOOP
[INFO] 05:46:22:171 KernelMemory/(7421:8501): ## PID: 3 - Obtener instrucción: 1 - Instrucción: NOOP
[INFO] 05:46:22:672 KernelMemory/(7421:8501): ## PID: 3 - Obtener instrucción: 2 - Instrucción: NOOP
[INFO] 05:46:23:174 KernelMemory/(7421:8501): ## PID: 3 - Obtener instrucción: 3 - Instrucción: NOOP
[INFO] 05:46:23:813 KernelMemory/(7421:8501): ## PID: 4 - Obtener instrucción: 1 - Instrucción: NOOP
[INFO] 05:46:24:323 KernelMemory/(7421:8501): ## PID: 4 - Obtener instrucción: 2 - Instrucción: NOOP
[INFO] 05:46:24:829 KernelMemory/(7421:8501): ## PID: 4 - Obtener instrucción: 3 - Instrucción: NOOP
[INFO] 05:46:25:372 KernelMemory/(7421:8501): ## PID: 1 - Obtener instrucción: 8 - Instrucción: NOOP
[DEBUG] 05:46:25:396 KernelMemory/(7421:7929): PID: 7 - dessuspender_proceso: 0 segmento(s) a restaurar desde Swap
[INFO] 05:46:25:936 KernelMemory/(7421:8501): ## PID: 1 - Obtener instrucción: 9 - Instrucción: NOOP
[INFO] 05:46:26:486 KernelMemory/(7421:8501): ## PID: 7 - Obtener instrucción: 2 - Instrucción: NOOP
[INFO] 05:46:26:988 KernelMemory/(7421:8501): ## PID: 7 - Obtener instrucción: 3 - Instrucción: NOOP
[INFO] 05:46:27:489 KernelMemory/(7421:8501): ## PID: 7 - Obtener instrucción: 4 - Instrucción: SLEEP 1000
[INFO] 05:46:28:087 KernelMemory/(7421:8501): ## PID: 1 - Obtener instrucción: 10 - Instrucción: NOOP
[INFO] 05:46:28:588 KernelMemory/(7421:8501): ## PID: 1 - Obtener instrucción: 11 - Instrucción: NOOP
[INFO] 05:46:29:142 KernelMemory/(7421:8501): ## PID: 7 - Obtener instrucción: 5 - Instrucción: NOOP
[INFO] 05:46:29:643 KernelMemory/(7421:8501): ## PID: 7 - Obtener instrucción: 6 - Instrucción: NOOP
[INFO] 05:46:30:144 KernelMemory/(7421:8501): ## PID: 7 - Obtener instrucción: 7 - Instrucción: SLEEP 1000
[INFO] 05:46:30:696 KernelMemory/(7421:8501): ## PID: 1 - Obtener instrucción: 12 - Instrucción: NOOP
[INFO] 05:46:31:243 KernelMemory/(7421:8501): ## PID: 1 - Obtener instrucción: 13 - Instrucción: NOOP
[INFO] 05:46:31:901 KernelMemory/(7421:8501): ## PID: 7 - Obtener instrucción: 8 - Instrucción: NOOP
[INFO] 05:46:32:409 KernelMemory/(7421:8501): ## PID: 7 - Obtener instrucción: 9 - Instrucción: NOOP
[INFO] 05:46:32:911 KernelMemory/(7421:8501): ## PID: 7 - Obtener instrucción: 10 - Instrucción: SLEEP 1000
[INFO] 05:46:33:456 KernelMemory/(7421:8501): ## PID: 1 - Obtener instrucción: 14 - Instrucción: NOOP
[INFO] 05:46:33:958 KernelMemory/(7421:8501): ## PID: 1 - Obtener instrucción: 15 - Instrucción: NOOP
[INFO] 05:46:34:460 KernelMemory/(7421:8501): ## PID: 1 - Obtener instrucción: 16 - Instrucción: NOOP
[INFO] 05:46:35:004 KernelMemory/(7421:8501): ## PID: 7 - Obtener instrucción: 11 - Instrucción: NOOP
[INFO] 05:46:35:505 KernelMemory/(7421:8501): ## PID: 7 - Obtener instrucción: 12 - Instrucción: NOOP
[INFO] 05:46:36:006 KernelMemory/(7421:8501): ## PID: 7 - Obtener instrucción: 13 - Instrucción: SLEEP 1000
[DEBUG] 05:46:36:343 KernelMemory/(7421:7929): PID: 7 - suspender_proceso: moviendo 0 segmento(s) a Swap
[INFO] 05:46:36:596 KernelMemory/(7421:8501): ## PID: 1 - Obtener instrucción: 17 - Instrucción: NOOP
[DEBUG] 05:46:37:093 KernelMemory/(7421:7929): PID: 7 - dessuspender_proceso: 0 segmento(s) a restaurar desde Swap
[INFO] 05:46:37:098 KernelMemory/(7421:8501): ## PID: 1 - Obtener instrucción: 18 - Instrucción: SET PC 0
[INFO] 05:46:37:647 KernelMemory/(7421:8501): ## PID: 7 - Obtener instrucción: 14 - Instrucción: NOOP
[INFO] 05:46:38:150 KernelMemory/(7421:8501): ## PID: 7 - Obtener instrucción: 15 - Instrucción: NOOP
[INFO] 05:46:38:652 KernelMemory/(7421:8501): ## PID: 7 - Obtener instrucción: 16 - Instrucción: SLEEP 1000
[INFO] 05:46:39:199 KernelMemory/(7421:8501): ## PID: 1 - Obtener instrucción: 1 - Instrucción: NOOP
[DEBUG] 05:46:39:610 KernelMemory/(7421:7929): PID: 7 - suspender_proceso: moviendo 0 segmento(s) a Swap
[DEBUG] 05:46:39:699 KernelMemory/(7421:7929): PID: 7 - dessuspender_proceso: 0 segmento(s) a restaurar desde Swap
[INFO] 05:46:39:699 KernelMemory/(7421:8501): ## PID: 1 - Obtener instrucción: 2 - Instrucción: NOOP
[INFO] 05:46:40:200 KernelMemory/(7421:8501): ## PID: 1 - Obtener instrucción: 3 - Instrucción: NOOP
[INFO] 05:46:40:832 KernelMemory/(7421:8501): ## PID: 7 - Obtener instrucción: 17 - Instrucción: NOOP
[INFO] 05:46:41:332 KernelMemory/(7421:8501): ## PID: 7 - Obtener instrucción: 18 - Instrucción: SET PC 0
[INFO] 05:46:42:102 KernelMemory/(7421:8501): ## PID: 7 - Obtener instrucción: 1 - Instrucción: SLEEP 10000
[DEBUG] 05:46:42:337 KernelMemory/(7421:7929): PID: 7 - suspender_proceso: moviendo 0 segmento(s) a Swap
[INFO] 05:46:42:650 KernelMemory/(7421:8501): ## PID: 1 - Obtener instrucción: 4 - Instrucción: NOOP
[INFO] 05:46:43:159 KernelMemory/(7421:8501): ## PID: 1 - Obtener instrucción: 5 - Instrucción: NOOP
[INFO] 05:46:43:711 KernelMemory/(7421:8501): ## PID: 1 - Obtener instrucción: 6 - Instrucción: NOOP
[INFO] 05:46:44:262 KernelMemory/(7421:8501): ## PID: 2 - Obtener instrucción: 11 - Instrucción: NOOP
[INFO] 05:46:44:763 KernelMemory/(7421:8501): ## PID: 2 - Obtener instrucción: 12 - Instrucción: NOOP
[INFO] 05:46:45:284 KernelMemory/(7421:8501): ## PID: 2 - Obtener instrucción: 13 - Instrucción: NOOP
[INFO] 05:46:45:885 KernelMemory/(7421:8501): ## PID: 3 - Obtener instrucción: 4 - Instrucción: NOOP
[INFO] 05:46:46:396 KernelMemory/(7421:8501): ## PID: 3 - Obtener instrucción: 5 - Instrucción: NOOP
[INFO] 05:46:46:931 KernelMemory/(7421:8501): ## PID: 3 - Obtener instrucción: 6 - Instrucción: NOOP
[INFO] 05:46:47:476 KernelMemory/(7421:8501): ## PID: 4 - Obtener instrucción: 4 - Instrucción: NOOP
[INFO] 05:46:47:988 KernelMemory/(7421:8501): ## PID: 4 - Obtener instrucción: 5 - Instrucción: NOOP
[INFO] 05:46:48:504 KernelMemory/(7421:8501): ## PID: 4 - Obtener instrucción: 6 - Instrucción: NOOP
[INFO] 05:46:49:052 KernelMemory/(7421:8501): ## PID: 1 - Obtener instrucción: 7 - Instrucción: NOOP
[INFO] 05:46:49:553 KernelMemory/(7421:8501): ## PID: 1 - Obtener instrucción: 8 - Instrucción: NOOP
[INFO] 05:46:50:058 KernelMemory/(7421:8501): ## PID: 1 - Obtener instrucción: 9 - Instrucción: NOOP
[INFO] 05:46:50:700 KernelMemory/(7421:8501): ## PID: 2 - Obtener instrucción: 14 - Instrucción: NOOP
[INFO] 05:46:51:202 KernelMemory/(7421:8501): ## PID: 2 - Obtener instrucción: 15 - Instrucción: NOOP
[INFO] 05:46:51:749 KernelMemory/(7421:8501): ## PID: 2 - Obtener instrucción: 16 - Instrucción: NOOP
[DEBUG] 05:46:52:211 KernelMemory/(7421:7929): PID: 7 - dessuspender_proceso: 0 segmento(s) a restaurar desde Swap
[INFO] 05:46:52:251 KernelMemory/(7421:8501): ## PID: 3 - Obtener instrucción: 7 - Instrucción: NOOP
[INFO] 05:46:52:809 KernelMemory/(7421:8501): ## PID: 7 - Obtener instrucción: 2 - Instrucción: NOOP
[INFO] 05:46:53:310 KernelMemory/(7421:8501): ## PID: 7 - Obtener instrucción: 3 - Instrucción: NOOP
[INFO] 05:46:53:812 KernelMemory/(7421:8501): ## PID: 7 - Obtener instrucción: 4 - Instrucción: SLEEP 1000
[INFO] 05:46:54:429 KernelMemory/(7421:8501): ## PID: 3 - Obtener instrucción: 8 - Instrucción: NOOP
[INFO] 05:46:54:930 KernelMemory/(7421:8501): ## PID: 3 - Obtener instrucción: 9 - Instrucción: NOOP
[INFO] 05:46:55:475 KernelMemory/(7421:8501): ## PID: 7 - Obtener instrucción: 5 - Instrucción: NOOP
[INFO] 05:46:55:976 KernelMemory/(7421:8501): ## PID: 7 - Obtener instrucción: 6 - Instrucción: NOOP
[INFO] 05:46:56:478 KernelMemory/(7421:8501): ## PID: 7 - Obtener instrucción: 7 - Instrucción: SLEEP 1000
[INFO] 05:46:57:059 KernelMemory/(7421:8501): ## PID: 3 - Obtener instrucción: 10 - Instrucción: NOOP
[INFO] 05:46:57:568 KernelMemory/(7421:8501): ## PID: 3 - Obtener instrucción: 11 - Instrucción: NOOP
[INFO] 05:46:58:191 KernelMemory/(7421:8501): ## PID: 7 - Obtener instrucción: 8 - Instrucción: NOOP
[INFO] 05:46:58:692 KernelMemory/(7421:8501): ## PID: 7 - Obtener instrucción: 9 - Instrucción: NOOP
[INFO] 05:46:59:208 KernelMemory/(7421:8501): ## PID: 7 - Obtener instrucción: 10 - Instrucción: SLEEP 1000
[INFO] 05:46:59:805 KernelMemory/(7421:8501): ## PID: 3 - Obtener instrucción: 12 - Instrucción: NOOP
[INFO] 05:47:00:365 KernelMemory/(7421:8501): ## PID: 3 - Obtener instrucción: 13 - Instrucción: NOOP
[INFO] 05:47:00:925 KernelMemory/(7421:8501): ## PID: 7 - Obtener instrucción: 11 - Instrucción: NOOP
[INFO] 05:47:01:427 KernelMemory/(7421:8501): ## PID: 7 - Obtener instrucción: 12 - Instrucción: NOOP
[INFO] 05:47:01:931 KernelMemory/(7421:8501): ## PID: 7 - Obtener instrucción: 13 - Instrucción: SLEEP 1000
[INFO] 05:47:02:525 KernelMemory/(7421:8501): ## PID: 3 - Obtener instrucción: 14 - Instrucción: NOOP
[DEBUG] 05:47:02:584 KernelMemory/(7421:7929): PID: 7 - suspender_proceso: moviendo 0 segmento(s) a Swap
[INFO] 05:47:03:027 KernelMemory/(7421:8501): ## PID: 3 - Obtener instrucción: 15 - Instrucción: NOOP
[DEBUG] 05:47:03:029 KernelMemory/(7421:7929): PID: 7 - dessuspender_proceso: 0 segmento(s) a restaurar desde Swap
[INFO] 05:47:03:559 KernelMemory/(7421:8501): ## PID: 3 - Obtener instrucción: 16 - Instrucción: NOOP
[INFO] 05:47:04:111 KernelMemory/(7421:8501): ## PID: 7 - Obtener instrucción: 14 - Instrucción: NOOP
[INFO] 05:47:04:613 KernelMemory/(7421:8501): ## PID: 7 - Obtener instrucción: 15 - Instrucción: NOOP
[INFO] 05:47:05:119 KernelMemory/(7421:8501): ## PID: 7 - Obtener instrucción: 16 - Instrucción: SLEEP 1000
[DEBUG] 05:47:05:238 KernelMemory/(7421:7929): PID: 7 - suspender_proceso: moviendo 0 segmento(s) a Swap
[INFO] 05:47:05:692 KernelMemory/(7421:8501): ## PID: 3 - Obtener instrucción: 17 - Instrucción: NOOP
[DEBUG] 05:47:06:174 KernelMemory/(7421:7929): PID: 7 - dessuspender_proceso: 0 segmento(s) a restaurar desde Swap
[INFO] 05:47:06:195 KernelMemory/(7421:8501): ## PID: 3 - Obtener instrucción: 18 - Instrucción: SET PC 0
[INFO] 05:47:06:793 KernelMemory/(7421:8501): ## PID: 7 - Obtener instrucción: 17 - Instrucción: NOOP
[INFO] 05:47:07:294 KernelMemory/(7421:8501): ## PID: 7 - Obtener instrucción: 18 - Instrucción: SET PC 0
[INFO] 05:47:07:796 KernelMemory/(7421:8501): ## PID: 7 - Obtener instrucción: 1 - Instrucción: SLEEP 10000
[DEBUG] 05:47:07:959 KernelMemory/(7421:7929): PID: 7 - suspender_proceso: moviendo 0 segmento(s) a Swap
[INFO] 05:47:08:451 KernelMemory/(7421:8501): ## PID: 3 - Obtener instrucción: 1 - Instrucción: NOOP
[INFO] 05:47:08:963 KernelMemory/(7421:8501): ## PID: 3 - Obtener instrucción: 2 - Instrucción: NOOP
[INFO] 05:47:09:470 KernelMemory/(7421:8501): ## PID: 3 - Obtener instrucción: 3 - Instrucción: NOOP
[INFO] 05:47:10:021 KernelMemory/(7421:8501): ## PID: 4 - Obtener instrucción: 7 - Instrucción: NOOP
[INFO] 05:47:10:527 KernelMemory/(7421:8501): ## PID: 4 - Obtener instrucción: 8 - Instrucción: NOOP
[INFO] 05:47:11:073 KernelMemory/(7421:8501): ## PID: 4 - Obtener instrucción: 9 - Instrucción: NOOP
[INFO] 05:47:11:618 KernelMemory/(7421:8501): ## PID: 1 - Obtener instrucción: 10 - Instrucción: NOOP
[INFO] 05:47:12:121 KernelMemory/(7421:8501): ## PID: 1 - Obtener instrucción: 11 - Instrucción: NOOP
[INFO] 05:47:12:766 KernelMemory/(7421:8501): ## PID: 1 - Obtener instrucción: 12 - Instrucción: NOOP
[INFO] 05:47:13:412 KernelMemory/(7421:8501): ## PID: 2 - Obtener instrucción: 17 - Instrucción: NOOP
[INFO] 05:47:14:079 KernelMemory/(7421:8501): ## PID: 2 - Obtener instrucción: 18 - Instrucción: SET PC 0
[INFO] 05:47:14:634 KernelMemory/(7421:8501): ## PID: 2 - Obtener instrucción: 1 - Instrucción: NOOP
[INFO] 05:47:15:142 KernelMemory/(7421:8501): ## PID: 3 - Obtener instrucción: 4 - Instrucción: NOOP
[INFO] 05:47:15:655 KernelMemory/(7421:8501): ## PID: 3 - Obtener instrucción: 5 - Instrucción: NOOP
[INFO] 05:47:16:223 KernelMemory/(7421:8501): ## PID: 3 - Obtener instrucción: 6 - Instrucción: NOOP
[INFO] 05:47:16:777 KernelMemory/(7421:8501): ## PID: 4 - Obtener instrucción: 10 - Instrucción: NOOP
[INFO] 05:47:17:280 KernelMemory/(7421:8501): ## PID: 4 - Obtener instrucción: 11 - Instrucción: NOOP
[INFO] 05:47:17:826 KernelMemory/(7421:8501): ## PID: 4 - Obtener instrucción: 12 - Instrucción: NOOP
[DEBUG] 05:47:17:896 KernelMemory/(7421:7929): PID: 7 - dessuspender_proceso: 0 segmento(s) a restaurar desde Swap
[INFO] 05:47:18:378 KernelMemory/(7421:8501): ## PID: 1 - Obtener instrucción: 13 - Instrucción: NOOP
[INFO] 05:47:18:929 KernelMemory/(7421:8501): ## PID: 7 - Obtener instrucción: 2 - Instrucción: NOOP
[INFO] 05:47:19:434 KernelMemory/(7421:8501): ## PID: 7 - Obtener instrucción: 3 - Instrucción: NOOP
[INFO] 05:47:19:945 KernelMemory/(7421:8501): ## PID: 7 - Obtener instrucción: 4 - Instrucción: SLEEP 1000
[INFO] 05:47:20:541 KernelMemory/(7421:8501): ## PID: 1 - Obtener instrucción: 14 - Instrucción: NOOP
[INFO] 05:47:21:044 KernelMemory/(7421:8501): ## PID: 1 - Obtener instrucción: 15 - Instrucción: NOOP
[INFO] 05:47:21:600 KernelMemory/(7421:8501): ## PID: 7 - Obtener instrucción: 5 - Instrucción: NOOP
[INFO] 05:47:22:128 KernelMemory/(7421:8501): ## PID: 7 - Obtener instrucción: 6 - Instrucción: NOOP
[INFO] 05:47:22:632 KernelMemory/(7421:8501): ## PID: 7 - Obtener instrucción: 7 - Instrucción: SLEEP 1000
[INFO] 05:47:23:228 KernelMemory/(7421:8501): ## PID: 1 - Obtener instrucción: 16 - Instrucción: NOOP
[INFO] 05:47:23:730 KernelMemory/(7421:8501): ## PID: 1 - Obtener instrucción: 17 - Instrucción: NOOP
[INFO] 05:47:24:324 KernelMemory/(7421:8501): ## PID: 7 - Obtener instrucción: 8 - Instrucción: NOOP
[INFO] 05:47:24:825 KernelMemory/(7421:8501): ## PID: 7 - Obtener instrucción: 9 - Instrucción: NOOP
[INFO] 05:47:25:327 KernelMemory/(7421:8501): ## PID: 7 - Obtener instrucción: 10 - Instrucción: SLEEP 1000
[INFO] 05:47:25:948 KernelMemory/(7421:8501): ## PID: 1 - Obtener instrucción: 18 - Instrucción: SET PC 0
[INFO] 05:47:26:451 KernelMemory/(7421:8501): ## PID: 1 - Obtener instrucción: 1 - Instrucción: NOOP
[INFO] 05:47:26:997 KernelMemory/(7421:8501): ## PID: 7 - Obtener instrucción: 11 - Instrucción: NOOP
[INFO] 05:47:27:511 KernelMemory/(7421:8501): ## PID: 7 - Obtener instrucción: 12 - Instrucción: NOOP
[INFO] 05:47:28:015 KernelMemory/(7421:8501): ## PID: 7 - Obtener instrucción: 13 - Instrucción: SLEEP 1000
[INFO] 05:47:28:611 KernelMemory/(7421:8501): ## PID: 1 - Obtener instrucción: 2 - Instrucción: NOOP
[DEBUG] 05:47:28:931 KernelMemory/(7421:7929): PID: 7 - suspender_proceso: moviendo 0 segmento(s) a Swap
[DEBUG] 05:47:29:113 KernelMemory/(7421:7929): PID: 7 - dessuspender_proceso: 0 segmento(s) a restaurar desde Swap
[INFO] 05:47:29:114 KernelMemory/(7421:8501): ## PID: 1 - Obtener instrucción: 3 - Instrucción: NOOP
[INFO] 05:47:29:664 KernelMemory/(7421:8501): ## PID: 7 - Obtener instrucción: 14 - Instrucción: NOOP
[INFO] 05:47:30:167 KernelMemory/(7421:8501): ## PID: 7 - Obtener instrucción: 15 - Instrucción: NOOP
[INFO] 05:47:30:670 KernelMemory/(7421:8501): ## PID: 7 - Obtener instrucción: 16 - Instrucción: SLEEP 1000
[INFO] 05:47:31:264 KernelMemory/(7421:8501): ## PID: 1 - Obtener instrucción: 4 - Instrucción: NOOP
[DEBUG] 05:47:31:568 KernelMemory/(7421:7929): PID: 7 - suspender_proceso: moviendo 0 segmento(s) a Swap
[DEBUG] 05:47:31:721 KernelMemory/(7421:7929): PID: 7 - dessuspender_proceso: 0 segmento(s) a restaurar desde Swap
[INFO] 05:47:31:766 KernelMemory/(7421:8501): ## PID: 1 - Obtener instrucción: 5 - Instrucción: NOOP
[INFO] 05:47:32:363 KernelMemory/(7421:8501): ## PID: 7 - Obtener instrucción: 17 - Instrucción: NOOP
[INFO] 05:47:32:871 KernelMemory/(7421:8501): ## PID: 7 - Obtener instrucción: 18 - Instrucción: SET PC 0
[INFO] 05:47:33:373 KernelMemory/(7421:8501): ## PID: 7 - Obtener instrucción: 1 - Instrucción: SLEEP 10000
[INFO] 05:47:33:962 KernelMemory/(7421:8501): ## PID: 1 - Obtener instrucción: 6 - Instrucción: NOOP
[DEBUG] 05:47:34:260 KernelMemory/(7421:7929): PID: 7 - suspender_proceso: moviendo 0 segmento(s) a Swap
[INFO] 05:47:34:464 KernelMemory/(7421:8501): ## PID: 1 - Obtener instrucción: 7 - Instrucción: NOOP
[INFO] 05:47:34:965 KernelMemory/(7421:8501): ## PID: 1 - Obtener instrucción: 8 - Instrucción: NOOP
[INFO] 05:47:35:556 KernelMemory/(7421:8501): ## PID: 2 - Obtener instrucción: 2 - Instrucción: NOOP
[INFO] 05:47:36:062 KernelMemory/(7421:8501): ## PID: 2 - Obtener instrucción: 3 - Instrucción: NOOP
[INFO] 05:47:36:565 KernelMemory/(7421:8501): ## PID: 2 - Obtener instrucción: 4 - Instrucción: NOOP
[INFO] 05:47:37:162 KernelMemory/(7421:8501): ## PID: 3 - Obtener instrucción: 7 - Instrucción: NOOP
[INFO] 05:47:37:664 KernelMemory/(7421:8501): ## PID: 3 - Obtener instrucción: 8 - Instrucción: NOOP
[INFO] 05:47:38:165 KernelMemory/(7421:8501): ## PID: 3 - Obtener instrucción: 9 - Instrucción: NOOP
[INFO] 05:47:38:716 KernelMemory/(7421:8501): ## PID: 4 - Obtener instrucción: 13 - Instrucción: NOOP
[INFO] 05:47:39:219 KernelMemory/(7421:8501): ## PID: 4 - Obtener instrucción: 14 - Instrucción: NOOP
[INFO] 05:47:39:725 KernelMemory/(7421:8501): ## PID: 4 - Obtener instrucción: 15 - Instrucción: NOOP
[INFO] 05:47:40:273 KernelMemory/(7421:8501): ## PID: 1 - Obtener instrucción: 9 - Instrucción: NOOP
[INFO] 05:47:40:778 KernelMemory/(7421:8501): ## PID: 1 - Obtener instrucción: 10 - Instrucción: NOOP
[INFO] 05:47:41:332 KernelMemory/(7421:8501): ## PID: 1 - Obtener instrucción: 11 - Instrucción: NOOP
[INFO] 05:47:41:941 KernelMemory/(7421:8501): ## PID: 2 - Obtener instrucción: 5 - Instrucción: NOOP
[INFO] 05:47:42:445 KernelMemory/(7421:8501): ## PID: 2 - Obtener instrucción: 6 - Instrucción: NOOP
[INFO] 05:47:42:993 KernelMemory/(7421:8501): ## PID: 2 - Obtener instrucción: 7 - Instrucción: NOOP
[DEBUG] 05:47:43:464 KernelMemory/(7421:7929): PID: 7 - dessuspender_proceso: 0 segmento(s) a restaurar desde Swap
[INFO] 05:47:43:500 KernelMemory/(7421:8501): ## PID: 3 - Obtener instrucción: 10 - Instrucción: NOOP
[INFO] 05:47:44:054 KernelMemory/(7421:8501): ## PID: 7 - Obtener instrucción: 2 - Instrucción: NOOP
[INFO] 05:47:44:555 KernelMemory/(7421:8501): ## PID: 7 - Obtener instrucción: 3 - Instrucción: NOOP
[INFO] 05:47:45:060 KernelMemory/(7421:8501): ## PID: 7 - Obtener instrucción: 4 - Instrucción: SLEEP 1000
[INFO] 05:47:45:698 KernelMemory/(7421:8501): ## PID: 3 - Obtener instrucción: 11 - Instrucción: NOOP
[INFO] 05:47:46:210 KernelMemory/(7421:8501): ## PID: 3 - Obtener instrucción: 12 - Instrucción: NOOP
[INFO] 05:47:46:762 KernelMemory/(7421:8501): ## PID: 7 - Obtener instrucción: 5 - Instrucción: NOOP
[INFO] 05:47:47:266 KernelMemory/(7421:8501): ## PID: 7 - Obtener instrucción: 6 - Instrucción: NOOP
[INFO] 05:47:47:768 KernelMemory/(7421:8501): ## PID: 7 - Obtener instrucción: 7 - Instrucción: SLEEP 1000
[INFO] 05:47:48:350 KernelMemory/(7421:8501): ## PID: 3 - Obtener instrucción: 13 - Instrucción: NOOP
[INFO] 05:47:48:852 KernelMemory/(7421:8501): ## PID: 3 - Obtener instrucción: 14 - Instrucción: NOOP
[INFO] 05:47:49:503 KernelMemory/(7421:8501): ## PID: 7 - Obtener instrucción: 8 - Instrucción: NOOP
[INFO] 05:47:50:004 KernelMemory/(7421:8501): ## PID: 7 - Obtener instrucción: 9 - Instrucción: NOOP
[INFO] 05:47:50:508 KernelMemory/(7421:8501): ## PID: 7 - Obtener instrucción: 10 - Instrucción: SLEEP 1000
[INFO] 05:47:51:064 KernelMemory/(7421:8501): ## PID: 3 - Obtener instrucción: 15 - Instrucción: NOOP
[INFO] 05:47:51:565 KernelMemory/(7421:8501): ## PID: 3 - Obtener instrucción: 16 - Instrucción: NOOP
[INFO] 05:47:52:270 KernelMemory/(7421:8501): ## PID: 7 - Obtener instrucción: 11 - Instrucción: NOOP
[INFO] 05:47:52:781 KernelMemory/(7421:8501): ## PID: 7 - Obtener instrucción: 12 - Instrucción: NOOP
[INFO] 05:47:53:284 KernelMemory/(7421:8501): ## PID: 7 - Obtener instrucción: 13 - Instrucción: SLEEP 1000
[INFO] 05:47:53:881 KernelMemory/(7421:8501): ## PID: 3 - Obtener instrucción: 17 - Instrucción: NOOP
[INFO] 05:47:54:383 KernelMemory/(7421:8501): ## PID: 3 - Obtener instrucción: 18 - Instrucción: SET PC 0
[INFO] 05:47:54:931 KernelMemory/(7421:8501): ## PID: 7 - Obtener instrucción: 14 - Instrucción: NOOP
[INFO] 05:47:55:434 KernelMemory/(7421:8501): ## PID: 7 - Obtener instrucción: 15 - Instrucción: NOOP
[INFO] 05:47:55:935 KernelMemory/(7421:8501): ## PID: 7 - Obtener instrucción: 16 - Instrucción: SLEEP 1000
[INFO] 05:47:56:567 KernelMemory/(7421:8501): ## PID: 3 - Obtener instrucción: 1 - Instrucción: NOOP
[INFO] 05:47:57:070 KernelMemory/(7421:8501): ## PID: 3 - Obtener instrucción: 2 - Instrucción: NOOP
[INFO] 05:47:57:672 KernelMemory/(7421:8501): ## PID: 7 - Obtener instrucción: 17 - Instrucción: NOOP
[INFO] 05:47:58:173 KernelMemory/(7421:8501): ## PID: 7 - Obtener instrucción: 18 - Instrucción: SET PC 0
[INFO] 05:47:58:699 KernelMemory/(7421:8501): ## PID: 7 - Obtener instrucción: 1 - Instrucción: SLEEP 10000
[INFO] 05:47:59:251 KernelMemory/(7421:8501): ## PID: 3 - Obtener instrucción: 3 - Instrucción: NOOP
[INFO] 05:47:59:755 KernelMemory/(7421:8501): ## PID: 3 - Obtener instrucción: 4 - Instrucción: NOOP
[INFO] 05:48:00:270 KernelMemory/(7421:8501): ## PID: 3 - Obtener instrucción: 5 - Instrucción: NOOP
[DEBUG] 05:48:00:390 KernelMemory/(7421:7929): PID: 7 - suspender_proceso: moviendo 0 segmento(s) a Swap
[INFO] 05:48:00:815 KernelMemory/(7421:8501): ## PID: 4 - Obtener instrucción: 16 - Instrucción: NOOP
[INFO] 05:48:01:319 KernelMemory/(7421:8501): ## PID: 4 - Obtener instrucción: 17 - Instrucción: NOOP
[INFO] 05:48:01:829 KernelMemory/(7421:8501): ## PID: 4 - Obtener instrucción: 18 - Instrucción: SET PC 0
[INFO] 05:48:02:480 KernelMemory/(7421:8501): ## PID: 1 - Obtener instrucción: 12 - Instrucción: NOOP
[INFO] 05:48:02:989 KernelMemory/(7421:8501): ## PID: 1 - Obtener instrucción: 13 - Instrucción: NOOP
[INFO] 05:48:03:493 KernelMemory/(7421:8501): ## PID: 1 - Obtener instrucción: 14 - Instrucción: NOOP
[INFO] 05:48:04:044 KernelMemory/(7421:8501): ## PID: 2 - Obtener instrucción: 8 - Instrucción: NOOP
[INFO] 05:48:04:547 KernelMemory/(7421:8501): ## PID: 2 - Obtener instrucción: 9 - Instrucción: NOOP
[INFO] 05:48:05:050 KernelMemory/(7421:8501): ## PID: 2 - Obtener instrucción: 10 - Instrucción: NOOP
[INFO] 05:48:05:596 KernelMemory/(7421:8501): ## PID: 3 - Obtener instrucción: 6 - Instrucción: NOOP
[INFO] 05:48:06:100 KernelMemory/(7421:8501): ## PID: 3 - Obtener instrucción: 7 - Instrucción: NOOP
[INFO] 05:48:06:100 KernelMemory/(7421:8501): Cliente desconectado (fd=8)
[DEBUG] 05:48:08:752 KernelMemory/(7421:7929): PID: 7 - dessuspender_proceso: 0 segmento(s) a restaurar desde Swap
[INFO] 05:48:10:846 KernelMemory/(7421:7929): Cliente desconectado (fd=7)
